ATHLETE_ID,DAY_OF_WEEK,DATE,FATIGUE,SLEEP_QUALITY,GENERAL_SORNESS,STRESS,MOOD,HOURS_SLEPT
29,3,9/26/2014,4,3,4,3,3,9
29,4,9/27/2014,4,4,5,3,4,9
29,5,9/28/2014,4,4,3,4,4,8
29,6,9/29/2014,4,5,4,4,4,9
29,7,9/30/2014,4,4,2,4,4,10
29,1,10/1/2014,4,4,2,4,4,9
29,2,10/2/2014,4,4,4,3,4,9
29,3,10/3/2014,4,3,4,4,4,7
29,4,10/4/2014,4,4,4,4,4,9
29,5,10/5/2014,4,5,4,4,4,9
29,6,10/6/2014,3,4,3,4,4,8
29,7,10/7/2014,4,5,2,4,4,10
29,1,10/8/2014,3,3,3,4,4,8
29,2,10/9/2014,4,4,4,4,3,9
29,3,10/10/2014,4,4,4,4,4,9
29,4,10/11/2014,4,3,2,4,4,8
29,5,10/12/2014,4,4,3,3,4,9
29,6,10/13/2014,4,4,3,4,4,10
29,7,10/14/2014,4,5,4,3,4,9
29,1,10/15/2014,4,5,3,3,4,9
29,2,10/16/2014,4,4,5,3,4,8
29,3,10/17/2014,3,2,4,3,3,6
29,4,10/18/2014,4,4,4,3,3,9
29,5,10/19/2014,3,4,5,3,4,9
29,6,10/20/2014,4,4,4,4,3,6
29,7,10/21/2014,2,4,2,3,3,9
29,1,10/22/2014,4,5,4,3,3,8
29,3,10/24/2014,4,5,5,4,4,9
29,4,10/25/2014,4,3,3,4,3,9
29,5,10/26/2014,3,3,2,3,3,8
29,6,10/27/2014,4,4,3,3,3,9
29,1,10/29/2014,4,4,4,3,4,9
29,2,10/30/2014,3,4,4,4,3,8
29,3,10/31/2014,4,4,3,4,4,9
29,4,11/1/2014,3,4,4,3,3,9
29,5,11/2/2014,4,4,3,3,4,9
29,6,11/3/2014,3,4,4,4,4,8
29,7,11/4/2014,4,5,3,4,3,10
29,1,11/5/2014,4,3,4,4,5,9
29,2,11/6/2014,3,3,4,3,4,7
29,3,11/7/2014,3,4,3,4,4,10
29,4,11/8/2014,4,5,3,3,3,8.5
29,5,11/9/2014,4,4,4,3,3,8.5
29,6,11/10/2014,3,4,4,3,3,7.5
29,7,11/11/2014,3,4,3,3,4,7
29,1,11/12/2014,3,2,3,3,3,6
29,2,11/13/2014,4,4,4,3,3,9
29,3,11/14/2014,4,4,3,3,4,8.5
29,4,11/15/2014,4,4,3,3,3,10
29,5,11/16/2014,4,4,4,3,3,9
29,6,11/17/2014,3,3,4,3,3,8.5
29,7,11/18/2014,4,4,3,4,4,9
29,1,11/19/2014,4,4,4,3,3,9
29,2,11/20/2014,4,3,4,3,4,8
29,3,11/21/2014,3,3,4,3,3,8.5
29,4,11/22/2014,3,3,4,3,3,8
29,5,11/23/2014,3,3,4,3,3,9
29,6,11/24/2014,3,4,4,3,3,8.5
29,7,11/25/2014,3,4,4,3,3,8.5
29,1,11/26/2014,4,4,4,3,3,10
29,2,11/27/2014,3,3,4,3,4,8
29,3,11/28/2014,3,4,4,3,3,7.5
29,4,11/29/2014,3,4,3,3,3,7.5
29,5,11/30/2014,3,4,4,3,3,7.5
29,6,12/1/2014,4,4,4,3,3,9
29,7,12/2/2014,3,3,4,4,4,7.5
29,1,12/3/2014,3,4,4,4,4,9
29,2,12/4/2014,3,5,4,4,4,10
29,3,12/5/2014,4,4,4,3,3,10
29,4,12/6/2014,4,4,4,3,4,8.5
29,5,12/7/2014,3,3,4,3,4,7.5
29,6,12/8/2014,3,4,3,3,3,8
29,7,12/9/2014,4,3,3,4,4,8.5
29,1,12/10/2014,4,5,4,4,4,9.5
29,2,12/11/2014,3,3,4,4,4,7
29,3,12/12/2014,4,4,4,3,3,9.5
29,4,12/13/2014,3,3,3,3,3,9
29,5,12/14/2014,3,4,3,3,3,8.5
29,6,12/15/2014,4,4,3,3,4,8.5
29,7,12/16/2014,4,3,3,4,3,7.5
29,1,12/17/2014,3,4,4,3,3,8
29,2,12/18/2014,4,4,5,4,3,8
29,3,12/19/2014,4,4,4,3,4,8.5
29,4,12/20/2014,3,4,3,4,3,9
29,5,12/21/2014,3,4,3,3,4,8.5
29,6,12/22/2014,4,4,4,4,4,9
29,7,12/23/2014,4,4,3,4,4,9
29,1,12/24/2014,4,4,4,3,4,8.5
29,2,12/25/2014,3,3,4,3,3,9
29,3,12/26/2014,4,4,3,3,4,10
29,4,12/27/2014,4,4,3,3,4,9
29,5,12/28/2014,4,4,3,3,4,8.5
29,6,12/29/2014,3,4,4,4,4,9
29,7,12/30/2014,4,4,5,4,4,7
29,1,12/31/2014,4,4,5,3,1,9
28,3,9/26/2014,4,4,5,4,4,7
28,5,9/28/2014,4,4,4,4,4,8
28,6,9/29/2014,5,5,5,5,5,9
28,7,9/30/2014,5,4,5,5,5,8
28,1,10/1/2014,4,4,4,4,4,7
28,2,10/2/2014,4,5,5,4,4,9
28,3,10/3/2014,5,5,5,5,5,9
28,4,10/4/2014,5,5,3,4,4,9
28,5,10/5/2014,5,5,5,5,5,8
28,6,10/6/2014,5,4,4,4,4,9
28,7,10/7/2014,5,5,4,4,5,9
28,1,10/8/2014,4,4,4,5,5,8
28,2,10/9/2014,4,4,5,5,5,9
28,3,10/10/2014,5,5,5,5,5,9
28,4,10/11/2014,4,3,5,4,4,7
28,5,10/12/2014,4,4,4,4,4,8
28,6,10/13/2014,4,4,4,4,4,8
28,7,10/14/2014,5,4,5,5,5,9
28,1,10/15/2014,3,3,4,4,4,7
28,2,10/16/2014,4,4,4,4,4,8
28,3,10/17/2014,3,4,3,3,4,6
28,4,10/18/2014,4,4,4,4,4,8
28,5,10/19/2014,4,4,4,4,4,8
28,6,10/20/2014,4,4,4,4,4,8
28,7,10/21/2014,4,3,4,4,4,8
28,1,10/22/2014,4,4,4,4,4,8
28,3,10/24/2014,4,4,4,4,4,8
28,4,10/25/2014,4,4,4,4,4,8
28,5,10/26/2014,5,5,5,5,5,8
28,6,10/27/2014,4,4,4,4,4,8
28,7,10/28/2014,4,4,3,4,4,8
28,1,10/29/2014,4,4,4,4,4,9
28,2,10/30/2014,4,4,4,4,4,8
28,3,10/31/2014,4,4,4,4,4,8
28,4,11/1/2014,3,4,3,3,4,8
28,5,11/2/2014,4,5,4,4,4,9
28,6,11/3/2014,3,4,3,3,4,8
28,1,11/5/2014,4,4,4,4,4,9
28,2,11/6/2014,5,5,5,5,5,8.5
28,3,11/7/2014,3,4,3,3,4,8
28,4,11/8/2014,4,4,3,3,4,7.5
28,5,11/9/2014,3,4,3,3,4,8.5
28,6,11/10/2014,3,4,3,3,4,8
28,7,11/11/2014,3,4,3,3,4,7.5
28,1,11/12/2014,4,4,4,4,4,8
28,2,11/13/2014,4,4,4,4,4,7.5
28,3,11/14/2014,3,4,3,3,4,8
28,4,11/15/2014,3,4,3,3,4,8
28,5,11/16/2014,4,4,4,4,4,8
28,6,11/17/2014,4,4,4,4,4,8
28,7,11/18/2014,4,4,4,4,4,9
28,1,11/19/2014,4,4,4,4,4,8
28,2,11/20/2014,4,4,4,4,4,6.5
28,3,11/21/2014,4,4,4,4,4,8
28,4,11/22/2014,3,4,3,3,4,8
28,6,11/24/2014,4,3,3,3,4,7
28,7,11/25/2014,4,4,4,4,4,7
28,1,11/26/2014,4,4,4,4,4,8
28,2,11/27/2014,4,4,4,4,4,7
28,3,11/28/2014,4,4,4,4,4,8
28,4,11/29/2014,3,4,3,3,4,7.5
28,5,11/30/2014,5,5,5,5,5,8
28,6,12/1/2014,4,4,4,4,4,8
28,7,12/2/2014,4,4,4,4,4,8
28,1,12/3/2014,3,4,3,3,4,7.5
28,2,12/4/2014,4,4,4,4,4,8
28,3,12/5/2014,4,4,4,4,4,7.5
28,4,12/6/2014,4,4,4,4,4,8
28,5,12/7/2014,4,4,4,4,4,7.5
28,6,12/8/2014,4,4,4,4,4,8.5
28,7,12/9/2014,5,5,5,5,5,9
28,1,12/10/2014,4,4,4,4,4,8
28,2,12/11/2014,4,4,4,4,4,8
28,3,12/12/2014,4,4,4,4,4,9
28,4,12/13/2014,3,4,3,3,4,8
28,5,12/14/2014,3,4,3,3,4,8.5
28,6,12/15/2014,3,4,3,3,4,7.5
28,7,12/16/2014,3,4,3,3,4,7.5
28,1,12/17/2014,3,4,3,3,4,7.5
28,2,12/18/2014,3,4,3,3,4,8
28,3,12/19/2014,3,4,3,3,4,8
28,4,12/20/2014,3,4,4,4,4,8
28,5,12/21/2014,4,4,4,4,4,8.5
28,6,12/22/2014,3,4,3,3,4,7.5
28,7,12/23/2014,3,4,3,3,4,7
28,2,12/25/2014,4,4,4,4,4,7.5
28,3,12/26/2014,4,4,4,4,4,7.5
28,4,12/27/2014,3,4,3,3,4,8
28,5,12/28/2014,4,4,4,4,4,8
28,6,12/29/2014,3,4,3,3,4,6
28,7,12/30/2014,3,4,4,3,4,8
28,1,12/31/2014,3,4,3,3,4,7.5
27,3,9/26/2014,3,4,3,3,4,8
27,5,9/28/2014,4,4,4,4,4,9
27,6,9/29/2014,4,4,4,3,4,9
27,7,9/30/2014,2,5,3,3,4,9
27,1,10/1/2014,3,3,3,2,2,9
27,2,10/2/2014,4,4,3,3,4,9
27,3,10/3/2014,4,3,3,3,4,9
27,4,10/4/2014,3,3,4,3,4,8
27,5,10/5/2014,4,4,4,3,4,8
27,6,10/6/2014,3,4,2,3,4,8
27,7,10/7/2014,3,4,2,3,4,9
27,1,10/8/2014,4,4,3,3,4,9
27,2,10/9/2014,2,2,2,2,2,8
27,3,10/10/2014,2,3,1,2,3,9
27,4,10/11/2014,2,2,2,2,3,8
27,5,10/12/2014,3,4,3,4,4,9
27,7,10/14/2014,3,3,3,3,3,9
27,2,10/16/2014,2,3,3,3,3,8
27,3,10/17/2014,4,2,3,3,4,7
27,4,10/18/2014,4,4,4,4,2,8
27,5,10/19/2014,4,3,3,3,3,8
27,6,10/20/2014,2,4,2,3,4,8
27,7,10/21/2014,3,4,3,4,4,8
27,1,10/22/2014,4,3,3,4,4,8
27,2,10/23/2014,2,4,2,4,4,10
27,3,10/24/2014,2,4,2,4,3,8
27,4,10/25/2014,3,4,2,3,4,8
27,5,10/26/2014,3,4,3,3,4,8
27,6,10/27/2014,3,4,4,4,4,8
27,7,10/28/2014,4,4,4,4,4,8
27,1,10/29/2014,4,4,3,3,4,9
27,2,10/30/2014,4,4,3,3,4,9
27,3,10/31/2014,4,4,3,3,4,9
27,4,11/1/2014,3,4,4,3,4,9
27,5,11/2/2014,4,4,4,4,4,9
27,6,11/3/2014,3,4,2,2,4,7
27,7,11/4/2014,4,4,3,3,4,8
27,2,11/6/2014,3,4,3,3,3,7
27,3,11/7/2014,3,4,3,3,3,8
27,4,11/8/2014,4,3,3,4,4,8
27,5,11/9/2014,4,4,4,4,4,9
27,6,11/10/2014,4,3,4,4,4,9
27,7,11/11/2014,4,4,4,4,4,7
27,2,11/13/2014,3,3,3,3,3,8
27,3,11/14/2014,3,3,3,3,3,7
27,6,11/17/2014,3,3,3,3,3,9
27,2,11/20/2014,2,2,2,3,3,7
27,4,11/22/2014,4,3,3,3,4,9
27,5,11/23/2014,4,4,4,3,3,8
27,7,11/25/2014,3,3,3,4,4,9
27,2,11/27/2014,3,4,4,3,3,8
27,3,11/28/2014,4,4,3,3,4,9
27,4,11/29/2014,4,3,3,3,4,8
27,5,11/30/2014,4,4,4,4,4,9
27,6,12/1/2014,4,4,4,4,4,9
27,7,12/2/2014,3,4,3,3,3,8
27,1,12/3/2014,4,4,4,4,4,8
27,2,12/4/2014,4,5,3,3,4,10
27,3,12/5/2014,4,4,4,3,4,9
27,4,12/6/2014,4,3,3,3,4,8
27,5,12/7/2014,4,3,4,4,4,9
27,2,12/11/2014,3,3,3,3,3,9
27,3,12/12/2014,3,4,4,3,4,8
27,4,12/13/2014,4,4,4,3,4,10
27,5,12/14/2014,4,4,4,4,3,8
27,6,12/15/2014,4,4,4,4,4,9
27,7,12/16/2014,4,4,4,4,4,8
27,2,12/18/2014,3,4,3,3,3,9
27,3,12/19/2014,4,4,4,4,4,9
27,4,12/20/2014,4,5,4,4,4,9
27,5,12/21/2014,4,4,4,4,4,9
27,6,12/22/2014,4,4,4,4,4,8
27,2,12/25/2014,3,3,3,3,4,8
27,3,12/26/2014,3,4,3,4,4,9
27,6,12/29/2014,4,4,4,3,4,8
27,7,12/30/2014,4,4,4,4,4,9
26,3,9/26/2014,4,4,4,4,4,7
26,4,9/27/2014,4,3,4,3,3,8
26,5,9/28/2014,4,4,3,3,4,9
26,6,9/29/2014,4,4,3,3,4,9
26,7,9/30/2014,3,4,2,4,4,8
26,1,10/1/2014,4,4,3,4,4,9
26,3,10/3/2014,4,4,3,3,4,9
26,4,10/4/2014,3,4,3,3,3,9
26,5,10/5/2014,4,4,4,4,4,9
26,6,10/6/2014,3,4,2,4,5,8
26,7,10/7/2014,4,4,4,4,4,10
26,1,10/8/2014,4,4,4,4,4,8
26,2,10/9/2014,4,3,4,3,3,9
26,3,10/10/2014,4,3,3,4,4,9
26,4,10/11/2014,3,3,4,4,4,8
26,5,10/12/2014,4,4,3,4,4,9
26,6,10/13/2014,4,3,4,3,4,8
26,7,10/14/2014,3,4,2,4,4,8
26,1,10/15/2014,3,3,4,3,4,8
26,2,10/16/2014,2,3,2,3,4,8
26,3,10/17/2014,3,4,3,4,4,6
26,4,10/18/2014,2,4,3,4,4,9
26,5,10/19/2014,4,3,3,4,4,8
26,6,10/20/2014,3,4,3,4,4,8
26,7,10/21/2014,4,3,3,3,4,8
26,1,10/22/2014,3,3,3,3,3,8
26,2,10/23/2014,3,3,3,4,4,7
26,3,10/24/2014,3,3,3,4,3,7
26,4,10/25/2014,3,3,3,3,3,8
26,5,10/26/2014,3,4,3,4,4,8
26,6,10/27/2014,3,4,2,2,4,8
26,7,10/28/2014,3,4,3,3,3,8
26,1,10/29/2014,4,3,3,4,4,9
26,2,10/30/2014,4,4,3,3,3,8
26,3,10/31/2014,3,4,3,4,4,8
26,4,11/1/2014,3,3,3,4,4,8
26,5,11/2/2014,2,3,2,2,3,7
26,6,11/3/2014,2,4,1,2,3,10
26,7,11/4/2014,2,2,1,2,2,8
26,1,11/5/2014,3,4,2,2,3,9.5
26,2,11/6/2014,3,3,2,3,3,8
26,3,11/7/2014,3,2,2,3,4,7
26,4,11/8/2014,3,4,2,3,4,8
26,5,11/9/2014,3,3,2,3,4,7
26,6,11/10/2014,4,4,2,3,4,9
26,2,11/13/2014,2,3,2,3,3,9.5
26,3,11/14/2014,3,4,2,3,3,8.5
26,5,11/16/2014,3,4,3,4,4,7
26,6,11/17/2014,2,3,2,4,4,7
26,1,11/19/2014,2,4,2,3,3,7
26,2,11/20/2014,3,4,2,3,4,10.5
26,4,11/22/2014,2,4,1,3,3,9
26,5,11/23/2014,2,4,2,3,4,7
26,7,11/25/2014,2,2,2,2,3,7
26,1,11/26/2014,3,4,2,3,4,9
26,2,11/27/2014,3,4,2,3,3,9
26,3,11/28/2014,2,3,2,3,3,6
26,4,11/29/2014,2,3,2,3,3,6
26,5,11/30/2014,2,4,1,2,3,8
26,6,12/1/2014,3,4,2,3,4,10
26,7,12/2/2014,2,4,1,3,3,7.5
26,1,12/3/2014,3,4,2,3,3,9
26,2,12/4/2014,3,4,2,3,4,8
26,3,12/5/2014,3,3,3,3,4,7.5
26,4,12/6/2014,3,4,2,3,3,8.5
26,5,12/7/2014,3,4,3,3,4,8
26,6,12/8/2014,3,4,3,3,3,8
26,7,12/9/2014,3,4,2,3,3,9
26,1,12/10/2014,3,4,3,3,3,9.5
26,2,12/11/2014,2,3,1,3,4,8
26,3,12/12/2014,3,3,2,3,3,8
26,4,12/13/2014,3,3,3,3,3,8.5
26,5,12/14/2014,3,3,2,3,3,7
26,6,12/15/2014,3,3,3,4,3,8
26,7,12/16/2014,2,2,3,3,3,7
26,1,12/17/2014,3,3,3,3,3,9
26,2,12/18/2014,2,3,1,3,3,7.5
26,3,12/19/2014,2,2,2,3,3,6
26,4,12/20/2014,3,3,3,3,4,8
26,5,12/21/2014,3,3,2,3,4,7.5
26,6,12/22/2014,4,4,2,3,4,10
26,7,12/23/2014,3,4,2,4,3,9
26,1,12/24/2014,3,4,3,3,3,8
26,2,12/25/2014,2,4,1,3,5,7
26,3,12/26/2014,3,4,2,3,3,7
26,4,12/27/2014,3,4,2,3,4,9.5
26,6,12/29/2014,2,3,3,3,4,5.5
26,1,12/31/2014,3,3,3,3,3,8.5
25,4,9/27/2014,3,3,3,3,4,7
25,5,9/28/2014,4,4,4,5,4,8
25,6,9/29/2014,4,5,4,4,4,9
25,7,9/30/2014,3,4,2,5,5,8
25,1,10/1/2014,2,2,2,2,3,6
25,2,10/2/2014,4,4,4,5,4,7
25,3,10/3/2014,3,4,4,4,4,8
25,4,10/4/2014,2,4,4,5,4,10
25,5,10/5/2014,5,5,5,5,5,8
25,6,10/6/2014,3,2,2,3,4,8
25,7,10/7/2014,4,3,3,5,4,8
25,1,10/8/2014,3,4,4,4,4,8
25,4,10/11/2014,4,4,4,4,4,8
25,5,10/12/2014,4,4,4,5,4,9
25,6,10/13/2014,4,5,4,5,4,9
25,7,10/14/2014,3,3,3,4,4,8
25,1,10/15/2014,4,4,4,4,4,8
25,2,10/16/2014,3,4,3,4,4,7
25,3,10/17/2014,4,4,4,4,4,7
25,4,10/18/2014,2,2,3,4,4,7
25,5,10/19/2014,4,4,4,4,4,7
25,6,10/20/2014,4,4,3,4,4,7
25,7,10/21/2014,4,4,4,4,4,8
25,1,10/22/2014,4,4,5,5,4,8
25,2,10/23/2014,4,4,2,5,5,8
25,3,10/24/2014,5,4,2,5,5,8
25,4,10/25/2014,4,4,4,4,4,8
25,5,10/26/2014,3,4,3,4,4,8
25,6,10/27/2014,4,4,4,4,4,8
25,7,10/28/2014,3,3,4,4,4,7
25,1,10/29/2014,3,3,2,4,4,8
25,2,10/30/2014,4,4,4,4,4,8
25,3,10/31/2014,4,5,4,4,4,9
25,4,11/1/2014,4,5,5,5,4,9
25,5,11/2/2014,4,4,4,4,4,8
25,6,11/3/2014,4,4,2,4,4,8
25,7,11/4/2014,4,4,4,4,4,8
25,1,11/5/2014,4,5,4,4,5,8.5
25,2,11/6/2014,4,3,3,3,3,8
25,3,11/7/2014,4,5,3,4,4,8.5
25,5,11/9/2014,4,4,4,4,4,8.5
25,6,11/10/2014,4,5,4,5,4,8
25,2,11/13/2014,4,3,3,4,4,7.5
25,3,11/14/2014,3,4,3,4,3,8.5
25,4,11/15/2014,4,4,3,4,4,8
25,5,11/16/2014,4,5,4,4,4,8
25,6,11/17/2014,3,3,2,5,4,7
25,7,11/18/2014,4,4,4,4,4,8
25,1,11/19/2014,4,5,4,4,5,7.5
25,2,11/20/2014,4,5,3,4,5,7.5
25,3,11/21/2014,4,5,4,4,5,8
25,4,11/22/2014,4,5,5,4,3,9
25,5,11/23/2014,5,5,5,5,5,8.5
25,6,11/24/2014,3,2,2,3,3,6
25,7,11/25/2014,4,4,4,4,4,7.5
25,2,11/27/2014,2,4,3,5,4,10
25,3,11/28/2014,4,4,4,4,4,7.5
25,4,11/29/2014,4,4,2,2,4,8
25,5,11/30/2014,4,3,4,3,3,8
25,6,12/1/2014,4,4,4,4,4,7
24,3,9/26/2014,3,4,3,3,5,8
24,4,9/27/2014,3,4,3,2,4,7
24,5,9/28/2014,4,4,4,4,4,8
24,6,9/29/2014,5,5,5,5,5,9
24,7,9/30/2014,3,4,3,4,4,7
24,1,10/1/2014,4,4,3,4,4,8
24,2,10/2/2014,3,4,4,4,4,6
24,3,10/3/2014,4,5,5,5,4,8
24,4,10/4/2014,4,4,5,4,4,7
24,5,10/5/2014,5,5,4,3,4,8
24,6,10/6/2014,4,3,4,4,3,7
24,7,10/7/2014,5,4,4,4,4,8
24,1,10/8/2014,4,4,4,5,4,9
24,2,10/9/2014,5,4,5,4,4,8
24,3,10/10/2014,5,5,4,5,4,8
24,4,10/11/2014,5,5,4,5,5,7
24,5,10/12/2014,4,5,3,5,5,9
24,6,10/13/2014,5,5,4,5,4,8
24,7,10/14/2014,5,5,4,4,4,7
24,1,10/15/2014,5,4,5,5,4,8
24,2,10/16/2014,4,4,3,4,4,8
24,3,10/17/2014,4,4,5,5,5,6
24,5,10/19/2014,5,4,5,5,5,8
24,6,10/20/2014,5,4,5,4,4,8
24,7,10/21/2014,5,4,5,4,4,7
24,1,10/22/2014,5,4,5,4,4,7
24,2,10/23/2014,5,3,5,3,3,6
24,3,10/24/2014,5,3,5,4,4,6
24,4,10/25/2014,5,5,5,5,5,8
24,5,10/26/2014,4,4,1,4,4,8
24,6,10/27/2014,5,4,2,4,4,8
24,7,10/28/2014,5,4,3,4,5,8
24,1,10/29/2014,5,5,4,4,4,8
24,2,10/30/2014,5,5,4,4,4,8
24,3,10/31/2014,5,4,4,4,4,8
24,4,11/1/2014,5,5,4,4,4,8
24,5,11/2/2014,5,4,4,4,4,7
24,6,11/3/2014,5,4,4,5,4,7
24,7,11/4/2014,5,5,4,5,5,8
24,1,11/5/2014,5,5,4,4,4,8
24,2,11/6/2014,5,4,4,4,4,7
24,3,11/7/2014,4,3,4,4,4,6.5
24,4,11/8/2014,5,4,5,4,4,7
24,5,11/9/2014,5,4,3,4,4,7
24,6,11/10/2014,5,5,3,4,4,8
24,7,11/11/2014,5,4,3,4,4,8
24,1,11/12/2014,5,4,3,4,4,8
24,2,11/13/2014,5,3,4,4,3,5
24,3,11/14/2014,5,4,3,4,4,7
24,4,11/15/2014,5,4,4,4,4,8
24,5,11/16/2014,5,5,4,4,4,8
24,6,11/17/2014,5,4,4,5,4,7
24,7,11/18/2014,5,5,4,5,5,8
24,1,11/19/2014,5,5,5,4,4,9
24,2,11/20/2014,5,5,4,5,5,8
24,3,11/21/2014,4,5,4,5,5,9
24,4,11/22/2014,5,5,4,5,5,8
24,5,11/23/2014,4,5,4,4,4,8
24,6,11/24/2014,5,4,5,4,4,8
24,7,11/25/2014,4,5,4,4,4,8
24,1,11/26/2014,4,5,4,4,4,8
24,2,11/27/2014,5,4,4,4,4,7
24,3,11/28/2014,4,4,4,5,5,7
24,4,11/29/2014,5,4,5,4,4,7
24,5,11/30/2014,5,5,5,4,4,8
24,6,12/1/2014,5,4,5,4,4,7
24,7,12/2/2014,5,5,4,4,4,9
24,1,12/3/2014,5,5,4,4,4,8
24,2,12/4/2014,4,4,3,4,4,7
24,3,12/5/2014,5,5,4,4,4,8
24,4,12/6/2014,4,5,4,4,4,8
24,5,12/7/2014,5,5,2,4,4,8
24,6,12/8/2014,4,4,2,4,4,7
24,7,12/9/2014,5,5,3,4,4,9
24,1,12/10/2014,5,5,3,4,4,8
24,2,12/11/2014,5,3,3,4,4,6
24,3,12/12/2014,5,5,3,4,4,9
24,4,12/13/2014,4,4,3,4,4,7
24,5,12/14/2014,4,4,3,4,4,7
24,6,12/15/2014,3,4,3,4,3,7
24,7,12/16/2014,2,4,3,4,4,7
24,1,12/17/2014,3,4,3,4,4,8
24,2,12/18/2014,4,3,4,4,4,6
24,3,12/19/2014,3,4,3,4,4,7
24,4,12/20/2014,4,5,4,3,3,9
24,5,12/21/2014,3,4,3,2,3,7
24,6,12/22/2014,3,4,3,2,3,8
24,7,12/23/2014,3,5,3,2,3,8
24,1,12/24/2014,3,4,3,2,3,7
24,2,12/25/2014,4,3,3,3,3,7
24,3,12/26/2014,4,4,4,2,3,7
24,4,12/27/2014,3,4,3,2,3,7
24,6,12/29/2014,4,5,3,3,2,8
24,1,12/31/2014,4,5,4,2,3,8
23,3,9/26/2014,4,5,2,4,4,9
23,4,9/27/2014,3,5,4,4,4,8
23,5,9/28/2014,2,5,3,3,5,9
23,6,9/29/2014,3,4,2,3,4,8
23,7,9/30/2014,4,5,3,2,4,10
23,1,10/1/2014,4,5,4,4,5,9
23,2,10/2/2014,2,4,4,3,4,10
23,3,10/3/2014,4,4,4,5,4,9
23,4,10/4/2014,4,4,5,3,4,9
23,5,10/5/2014,2,5,4,5,4,9
23,6,10/6/2014,2,5,4,2,3,9
23,7,10/7/2014,3,5,2,4,5,10
23,1,10/8/2014,2,2,4,4,4,7
23,2,10/9/2014,4,3,3,2,4,9
23,3,10/10/2014,3,4,4,2,3,9
23,4,10/11/2014,2,5,2,3,3,8
23,5,10/12/2014,4,5,1,3,5,9
23,6,10/13/2014,4,4,2,4,4,9
23,7,10/14/2014,5,5,5,4,5,9
23,1,10/15/2014,4,5,2,4,4,9
23,2,10/16/2014,4,5,4,4,5,9
23,3,10/17/2014,4,5,4,4,5,9
23,4,10/18/2014,5,5,5,4,5,9
23,5,10/19/2014,5,5,1,4,5,9
23,6,10/20/2014,4,5,5,4,5,8
23,7,10/21/2014,4,4,4,5,5,10
23,1,10/22/2014,2,2,5,2,4,7
23,2,10/23/2014,5,5,5,4,5,10
23,3,10/24/2014,3,5,2,2,4,9
23,4,10/25/2014,5,5,4,4,5,9
23,5,10/26/2014,2,5,3,4,5,9
23,6,10/27/2014,2,5,2,4,4,8
23,7,10/28/2014,2,5,2,5,5,10
23,1,10/29/2014,3,5,3,4,4,9
23,2,10/30/2014,4,5,4,3,5,8
23,3,10/31/2014,2,5,1,4,4,9
23,4,11/1/2014,4,5,3,3,4,7
23,5,11/2/2014,5,5,4,4,5,8
23,6,11/3/2014,5,5,4,5,5,7
23,7,11/4/2014,3,5,3,5,5,8
23,1,11/5/2014,5,5,4,4,4,9
23,2,11/6/2014,4,5,4,5,5,7.5
23,3,11/7/2014,4,5,3,5,5,8
23,4,11/8/2014,2,4,4,4,4,8
23,5,11/9/2014,3,4,2,3,3,8
23,6,11/10/2014,3,2,3,4,4,7
23,7,11/11/2014,4,5,2,4,4,8
23,1,11/12/2014,5,4,5,5,5,9.5
23,2,11/13/2014,5,5,4,4,4,8.5
23,3,11/14/2014,4,4,3,4,3,7.5
23,4,11/15/2014,5,5,5,4,5,8
23,5,11/16/2014,4,4,4,5,5,8
23,6,11/17/2014,2,4,4,2,4,7
23,7,11/18/2014,4,4,3,2,3,8
23,1,11/19/2014,2,5,3,3,3,8
23,2,11/20/2014,2,4,3,2,4,7
23,3,11/21/2014,5,5,2,3,4,8.5
23,4,11/22/2014,3,5,2,3,4,8
23,5,11/23/2014,3,4,4,4,4,8
23,6,11/24/2014,3,4,3,3,3,7
23,7,11/25/2014,4,4,3,4,5,8
23,1,11/26/2014,4,4,4,4,5,9.5
23,2,11/27/2014,2,5,3,2,4,7
23,3,11/28/2014,3,5,3,4,4,8
23,4,11/29/2014,3,4,4,5,4,8.5
23,5,11/30/2014,3,2,2,3,4,8.5
23,6,12/1/2014,2,4,3,3,3,8
23,7,12/2/2014,3,4,2,3,4,7.5
23,1,12/3/2014,4,4,4,4,4,9.5
23,2,12/4/2014,4,4,3,3,4,9.5
23,3,12/5/2014,3,2,3,2,3,9.5
23,4,12/6/2014,5,4,2,4,4,7
23,5,12/7/2014,5,4,4,4,4,7.5
23,6,12/8/2014,3,5,3,4,4,8
23,7,12/9/2014,4,5,4,4,4,8
23,1,12/10/2014,4,4,5,3,5,9
23,2,12/11/2014,2,4,3,3,3,8
23,3,12/12/2014,3,2,3,2,3,9
23,4,12/13/2014,4,4,5,4,5,8
23,5,12/14/2014,3,5,3,4,4,9
23,6,12/15/2014,4,4,3,3,5,9
23,2,12/18/2014,2,4,3,2,3,8
23,3,12/19/2014,2,2,3,2,2,10
23,4,12/20/2014,2,2,3,2,3,9
23,5,12/21/2014,3,4,3,3,4,9
23,6,12/22/2014,3,3,3,3,4,7
23,1,12/24/2014,3,4,3,3,5,8
23,3,12/26/2014,3,4,4,4,4,8.5
23,4,12/27/2014,4,4,4,4,4,7
23,6,12/29/2014,3,4,4,3,4,6.5
23,7,12/30/2014,2,4,4,4,5,9
22,3,9/26/2014,4,4,3,4,4,9
22,4,9/27/2014,4,5,3,5,4,9
22,5,9/28/2014,4,5,3,4,4,6
22,6,9/29/2014,5,3,4,4,4,8
22,7,9/30/2014,5,4,4,4,4,10
22,1,10/1/2014,4,5,3,4,4,10
22,2,10/2/2014,3,5,3,4,4,9
22,3,10/3/2014,4,3,3,4,4,8
22,4,10/4/2014,4,5,5,4,4,10
22,5,10/5/2014,4,2,3,4,4,7
22,6,10/6/2014,5,3,5,4,4,9
22,7,10/7/2014,4,5,4,4,4,9
22,3,10/10/2014,3,4,2,4,5,9
22,5,10/12/2014,3,5,2,4,4,10
22,6,10/13/2014,4,5,4,4,4,9
22,1,10/15/2014,3,3,4,4,3,9
22,2,10/16/2014,4,4,4,4,4,9
22,3,10/17/2014,5,4,4,5,5,10
22,4,10/18/2014,4,4,4,4,4,9
22,5,10/19/2014,4,4,4,4,4,8
22,6,10/20/2014,5,5,5,5,5,10
22,7,10/21/2014,4,5,3,5,5,9
22,2,10/23/2014,4,2,3,4,4,6
22,4,10/25/2014,3,4,3,2,2,9
22,5,10/26/2014,3,3,3,3,3,7
22,6,10/27/2014,3,3,2,3,4,7
22,7,10/28/2014,3,4,3,4,4,9
22,1,10/29/2014,4,4,4,4,4,9
22,2,10/30/2014,4,4,4,4,4,9
22,3,10/31/2014,4,2,4,4,4,7
22,4,11/1/2014,4,3,4,3,4,10
22,5,11/2/2014,5,3,5,4,4,7
22,6,11/3/2014,4,4,4,4,4,9
22,7,11/4/2014,5,3,4,4,4,9
22,1,11/5/2014,4,4,5,5,4,9
22,2,11/6/2014,5,4,5,4,4,8
22,3,11/7/2014,3,4,3,4,4,7.5
22,4,11/8/2014,4,4,4,4,4,9
22,5,11/9/2014,5,3,5,4,4,6
22,6,11/10/2014,4,5,4,5,4,9
22,7,11/11/2014,5,4,5,4,4,9
22,1,11/12/2014,5,3,5,4,4,6
22,2,11/13/2014,5,5,5,4,4,9
22,3,11/14/2014,4,3,4,4,4,6
22,4,11/15/2014,3,3,3,4,4,6
22,5,11/16/2014,4,4,4,4,4,9
22,6,11/17/2014,4,5,4,4,4,9
22,7,11/18/2014,4,4,4,5,5,10
22,2,11/20/2014,5,5,5,4,4,9
22,3,11/21/2014,3,4,3,4,4,8.5
22,4,11/22/2014,5,4,5,3,3,8
22,5,11/23/2014,3,4,3,3,3,8
22,6,11/24/2014,4,3,4,3,3,7
22,7,11/25/2014,3,3,3,3,3,7
22,2,11/27/2014,4,5,4,3,3,9
22,3,11/28/2014,4,4,4,3,3,8
22,4,11/29/2014,5,4,5,3,3,8
22,5,11/30/2014,5,4,5,3,3,9
22,6,12/1/2014,5,4,5,3,3,8
22,7,12/2/2014,4,3,4,4,4,6
22,1,12/3/2014,4,5,4,3,3,10
22,2,12/4/2014,2,4,2,3,3,9
22,3,12/5/2014,3,5,3,3,3,11
22,4,12/6/2014,4,5,4,3,3,10
22,5,12/7/2014,3,5,3,3,3,9
22,7,12/9/2014,4,3,4,3,3,8
22,1,12/10/2014,4,4,4,3,3,8.5
22,2,12/11/2014,4,4,4,3,3,9
22,3,12/12/2014,4,5,4,2,3,10
22,4,12/13/2014,3,4,3,3,3,8
22,5,12/14/2014,4,1,4,2,3,2
22,6,12/15/2014,3,3,3,3,3,8
22,7,12/16/2014,3,4,3,3,3,9
22,1,12/17/2014,2,3,2,3,3,8
22,2,12/18/2014,3,3,3,4,4,9
22,4,12/20/2014,4,4,4,3,3,9
22,5,12/21/2014,3,2,3,3,2,6.5
22,6,12/22/2014,3,3,3,3,2,8
22,7,12/23/2014,3,3,3,3,2,8.5
22,1,12/24/2014,3,3,4,3,3,8
22,2,12/25/2014,4,4,4,3,3,9
22,3,12/26/2014,4,3,4,3,3,7
22,5,12/28/2014,4,4,4,3,3,8
22,7,12/30/2014,4,5,4,3,3,10
21,3,9/26/2014,4,3,4,4,4,7
21,4,9/27/2014,4,4,4,3,4,9
21,5,9/28/2014,4,3,4,3,4,8
21,6,9/29/2014,4,3,4,3,4,8
21,7,9/30/2014,2,4,2,4,4,8
21,1,10/1/2014,3,4,3,4,4,10
21,2,10/2/2014,3,2,3,3,4,8
21,3,10/3/2014,4,3,3,4,4,8
21,4,10/4/2014,4,2,4,4,4,10
21,5,10/5/2014,4,3,4,3,4,8
21,6,10/6/2014,2,4,1,4,4,8
21,7,10/7/2014,3,3,3,4,4,7
21,4,10/11/2014,4,3,4,4,4,9
21,6,10/13/2014,4,4,4,3,4,8
21,7,10/14/2014,3,2,2,4,3,6
21,1,10/15/2014,4,3,4,4,4,7
21,2,10/16/2014,3,4,3,4,4,7
21,3,10/17/2014,4,3,4,4,4,6
21,4,10/18/2014,4,3,4,3,4,8
21,5,10/19/2014,4,4,4,3,4,7
21,6,10/20/2014,3,4,3,4,4,7
21,7,10/21/2014,4,3,4,4,4,8
21,1,10/22/2014,4,3,4,4,4,7
21,2,10/23/2014,3,3,2,4,4,7
21,3,10/24/2014,4,3,3,4,4,6
21,4,10/25/2014,4,2,4,3,4,8
21,5,10/26/2014,4,2,4,3,4,7
21,6,10/27/2014,4,3,4,3,3,9
21,7,10/28/2014,4,3,4,3,4,8
21,1,10/29/2014,2,3,2,4,3,8
21,2,10/30/2014,4,3,3,4,4,5
21,3,10/31/2014,4,3,3,4,4,8
21,4,11/1/2014,4,4,3,3,4,7
21,5,11/2/2014,4,3,4,4,4,7
21,6,11/3/2014,3,2,3,4,3,8
21,7,11/4/2014,4,3,4,4,4,7
21,1,11/5/2014,4,3,4,4,4,9
21,2,11/6/2014,2,3,3,4,4,7
21,3,11/7/2014,4,3,4,4,4,7
21,4,11/8/2014,4,2,4,4,4,6
21,5,11/9/2014,4,3,4,4,4,8
21,6,11/10/2014,4,3,4,4,4,6
21,7,11/11/2014,4,3,4,3,4,7
21,2,11/13/2014,2,3,2,4,4,7
21,3,11/14/2014,3,3,4,4,4,8
21,4,11/15/2014,4,2,4,4,4,7
21,6,11/17/2014,2,3,2,4,3,9
21,7,11/18/2014,4,3,4,4,4,8
21,2,11/20/2014,2,4,2,4,4,7
21,3,11/21/2014,3,3,3,4,4,5
21,4,11/22/2014,4,3,4,4,4,8
21,6,11/24/2014,2,2,2,3,4,7
21,7,11/25/2014,4,3,2,4,4,7
21,2,11/27/2014,3,3,4,4,4,7
21,4,11/29/2014,4,3,3,4,4,8
21,5,11/30/2014,4,3,3,4,4,6
21,6,12/1/2014,4,3,3,4,4,6
21,7,12/2/2014,4,4,3,4,4,9
21,1,12/3/2014,5,4,3,4,4,9
21,2,12/4/2014,4,3,3,4,4,6
21,3,12/5/2014,4,3,4,4,4,8
21,4,12/6/2014,4,3,4,4,4,9
21,5,12/7/2014,4,3,4,4,4,7
21,2,12/11/2014,4,3,2,4,4,8
21,3,12/12/2014,4,3,4,4,4,6
21,4,12/13/2014,3,3,4,4,4,7
21,5,12/14/2014,4,3,3,4,4,9
21,6,12/15/2014,4,3,4,4,4,8
21,7,12/16/2014,4,3,3,4,4,9
21,2,12/18/2014,3,3,2,4,4,8
21,5,12/21/2014,3,3,4,4,4,6
21,6,12/22/2014,4,3,4,4,4,9
21,2,12/25/2014,3,2,2,4,4,8
21,3,12/26/2014,3,2,3,4,4,9
21,4,12/27/2014,4,3,4,4,4,10
21,7,12/30/2014,4,3,4,4,4,8
20,3,9/26/2014,4,4,2,4,5,8
20,4,9/27/2014,5,5,4,4,4,9
20,5,9/28/2014,4,5,3,4,4,9
20,6,9/29/2014,4,3,4,3,4,8
20,7,9/30/2014,3,3,3,5,4,7
20,1,10/1/2014,4,4,3,4,4,10
20,2,10/2/2014,4,5,4,4,4,9
20,3,10/3/2014,2,4,4,4,4,9
20,4,10/4/2014,4,5,4,4,4,9
20,5,10/5/2014,4,4,4,3,4,9
20,6,10/6/2014,5,4,4,4,4,9
20,7,10/7/2014,4,4,4,4,4,8
20,1,10/8/2014,4,3,4,4,5,8
20,2,10/9/2014,3,3,2,4,4,9
20,3,10/10/2014,2,4,2,4,4,8
20,4,10/11/2014,3,4,3,4,4,9
20,5,10/12/2014,4,4,3,4,4,9
20,6,10/13/2014,4,4,4,4,4,9
20,7,10/14/2014,3,5,2,4,4,10
20,2,10/16/2014,3,3,3,4,4,8
20,3,10/17/2014,2,2,3,4,3,6
20,4,10/18/2014,3,3,4,4,4,8
20,5,10/19/2014,4,4,4,4,4,9
20,6,10/20/2014,2,3,4,4,4,7
20,7,10/21/2014,3,3,3,4,4,8
20,1,10/22/2014,4,4,4,4,4,8
20,2,10/23/2014,3,3,4,4,4,8
20,3,10/24/2014,2,3,4,4,4,7
20,4,10/25/2014,3,3,3,4,4,8
20,5,10/26/2014,4,4,4,4,4,9
20,6,10/27/2014,4,4,4,4,4,10
20,7,10/28/2014,4,4,4,4,4,9
20,1,10/29/2014,2,3,3,4,4,8
20,2,10/30/2014,3,3,3,4,4,8
20,3,10/31/2014,4,3,4,4,4,9
20,4,11/1/2014,4,3,3,4,4,9
20,5,11/2/2014,4,3,4,4,4,8
20,6,11/3/2014,3,4,2,4,4,9
20,7,11/4/2014,3,3,3,4,4,8
20,1,11/5/2014,4,4,4,4,4,8.5
20,2,11/6/2014,3,4,2,4,4,9
20,3,11/7/2014,3,3,2,4,4,8
20,4,11/8/2014,4,3,3,4,4,8
20,5,11/9/2014,3,3,4,4,4,8
20,6,11/10/2014,4,4,4,4,4,8
20,7,11/11/2014,4,4,3,4,4,8.5
20,1,11/12/2014,3,3,4,4,4,7
20,2,11/13/2014,4,3,3,4,4,7.5
20,3,11/14/2014,3,4,2,4,4,8
20,4,11/15/2014,3,4,3,4,4,8.5
20,5,11/16/2014,4,4,4,4,4,8.5
20,6,11/17/2014,4,4,2,4,4,9
20,7,11/18/2014,3,4,3,4,4,8.5
20,1,11/19/2014,4,4,3,3,4,7.5
20,2,11/20/2014,4,4,2,4,4,8.5
20,3,11/21/2014,4,4,3,4,4,8
20,4,11/22/2014,4,3,3,4,4,9
20,5,11/23/2014,4,4,4,4,4,8
20,6,11/24/2014,4,3,3,3,3,9
20,7,11/25/2014,4,3,4,4,4,7.5
20,1,11/26/2014,4,4,4,4,4,8
20,2,11/27/2014,4,4,3,4,4,8
20,3,11/28/2014,4,4,4,4,4,8
20,4,11/29/2014,4,3,4,3,4,8.5
20,5,11/30/2014,4,4,5,5,4,9
20,6,12/1/2014,4,4,5,5,5,8.5
20,7,12/2/2014,2,3,4,4,3,8
20,1,12/3/2014,5,4,4,4,4,8.5
20,2,12/4/2014,4,4,5,4,4,9
20,3,12/5/2014,5,4,5,4,4,8.5
20,4,12/6/2014,4,4,3,4,4,9
20,5,12/7/2014,3,3,3,4,4,7
20,6,12/8/2014,3,3,4,4,4,7
20,7,12/9/2014,4,3,2,4,4,7.5
20,1,12/10/2014,4,4,4,4,4,8.5
20,2,12/11/2014,4,4,4,4,4,9
20,3,12/12/2014,3,4,4,4,4,9
20,4,12/13/2014,4,4,4,4,4,9
20,5,12/14/2014,3,4,3,4,4,8
20,6,12/15/2014,3,4,3,3,4,8.5
20,7,12/16/2014,4,3,4,4,4,9
20,1,12/17/2014,4,2,4,3,4,7
20,2,12/18/2014,3,4,2,3,4,8
20,3,12/19/2014,3,4,3,4,4,8.5
20,4,12/20/2014,4,4,3,4,4,11
20,5,12/21/2014,4,4,2,4,3,9
20,6,12/22/2014,3,4,3,4,4,8
20,7,12/23/2014,3,4,4,4,4,9
20,1,12/24/2014,3,3,4,3,4,7
20,2,12/25/2014,2,4,2,4,4,9
20,3,12/26/2014,3,4,3,4,4,8.5
20,4,12/27/2014,4,4,3,4,4,9
20,5,12/28/2014,3,4,2,4,4,8
20,6,12/29/2014,2,4,3,3,4,4
20,7,12/30/2014,2,3,3,4,4,8.5
20,1,12/31/2014,4,3,4,4,4,7.5
19,3,9/26/2014,3,4,3,4,4,9
19,4,9/27/2014,4,4,3,4,3,8
19,5,9/28/2014,3,4,4,3,4,8
19,6,9/29/2014,4,4,3,4,4,9
19,7,9/30/2014,3,3,4,3,4,8
19,1,10/1/2014,4,4,5,5,4,9
19,2,10/2/2014,4,4,4,4,4,9
19,3,10/3/2014,4,4,5,4,4,8
19,4,10/4/2014,4,5,5,4,5,10
19,5,10/5/2014,4,4,4,4,4,9
19,6,10/6/2014,3,3,3,5,4,8
19,7,10/7/2014,3,3,4,3,4,9
19,1,10/8/2014,3,3,3,4,4,8
19,2,10/9/2014,3,3,3,4,4,8
19,3,10/10/2014,4,5,4,4,5,9
19,4,10/11/2014,4,4,4,4,4,7
19,5,10/12/2014,4,4,4,3,3,9
19,6,10/13/2014,4,4,4,3,4,9
19,7,10/14/2014,4,3,4,5,5,6
19,2,10/16/2014,3,3,3,3,3,8
19,3,10/17/2014,4,4,4,4,4,7
19,4,10/18/2014,4,4,4,4,4,9
19,5,10/19/2014,4,3,5,3,3,8
19,6,10/20/2014,3,4,2,4,4,8
19,7,10/21/2014,3,3,3,3,3,8
19,1,10/22/2014,4,4,4,4,4,8
19,2,10/23/2014,2,3,3,3,4,8
19,3,10/24/2014,4,3,4,4,3,7
19,4,10/25/2014,4,4,4,4,4,9
19,6,10/27/2014,3,3,4,3,4,8
19,7,10/28/2014,5,4,4,5,4,9
19,1,10/29/2014,3,2,3,3,4,7
19,2,10/30/2014,4,4,3,4,3,9
19,3,10/31/2014,4,4,3,4,4,9
19,4,11/1/2014,3,4,3,3,4,8
19,5,11/2/2014,4,4,3,3,4,9
19,6,11/3/2014,3,4,2,2,2,9
19,7,11/4/2014,3,3,4,3,3,10
19,1,11/5/2014,4,4,3,4,3,9
19,2,11/6/2014,3,3,3,3,3,8
19,3,11/7/2014,4,4,3,4,4,9
19,4,11/8/2014,4,4,4,3,4,9
19,5,11/9/2014,4,3,4,4,4,9
19,6,11/10/2014,3,4,3,4,4,9
19,7,11/11/2014,4,4,4,4,4,9
19,1,11/12/2014,4,3,3,3,3,8
19,2,11/13/2014,3,3,3,2,1,8
19,4,11/15/2014,4,4,4,4,4,9
19,5,11/16/2014,4,4,5,2,2,9
19,6,11/17/2014,3,3,4,3,3,8
19,7,11/18/2014,4,4,3,3,3,9
19,1,11/19/2014,4,3,3,3,3,9
19,2,11/20/2014,2,3,3,3,2,7
19,3,11/21/2014,4,4,4,3,4,9
19,4,11/22/2014,3,3,4,2,3,8
19,5,11/23/2014,4,4,4,4,5,9.5
19,6,11/24/2014,3,3,3,2,2,9
19,7,11/25/2014,3,3,2,3,3,9
19,1,11/26/2014,4,3,4,3,4,9
19,2,11/27/2014,4,3,3,4,3,9
19,3,11/28/2014,3,3,4,3,4,8.5
19,4,11/29/2014,4,4,4,4,4,9
19,5,11/30/2014,4,4,3,3,4,8
19,6,12/1/2014,4,3,3,4,4,8
19,7,12/2/2014,3,3,4,3,3,8
19,1,12/3/2014,3,4,3,3,3,9
19,2,12/4/2014,3,4,4,3,4,9
19,3,12/5/2014,3,4,3,3,4,9.5
19,4,12/6/2014,4,4,4,4,4,9
19,5,12/7/2014,4,4,4,3,4,7
19,6,12/8/2014,4,3,4,4,4,9
19,7,12/9/2014,2,3,3,3,3,9
19,1,12/10/2014,3,4,4,3,4,9
19,2,12/11/2014,3,2,3,3,3,8
19,3,12/12/2014,4,4,3,3,4,9.5
19,4,12/13/2014,4,4,4,4,4,9
19,5,12/14/2014,3,4,4,4,3,8
19,6,12/15/2014,3,3,3,3,4,7
19,7,12/16/2014,3,4,3,4,3,8
19,1,12/17/2014,4,3,4,3,4,8
19,2,12/18/2014,2,3,2,3,3,8
19,3,12/19/2014,4,4,4,4,4,9
19,4,12/20/2014,4,4,3,4,3,9
19,5,12/21/2014,4,3,3,3,3,8.5
19,6,12/22/2014,3,3,3,2,3,9
19,7,12/23/2014,4,3,3,3,3,9
19,1,12/24/2014,4,3,4,4,3,8
19,2,12/25/2014,2,3,2,4,4,8
19,3,12/26/2014,3,3,3,3,3,9
19,4,12/27/2014,3,4,4,3,3,9
19,5,12/28/2014,4,4,4,4,4,9
19,6,12/29/2014,4,3,3,3,4,7
19,7,12/30/2014,3,2,3,3,3,9
18,3,9/26/2014,4,3,4,3,5,8
18,4,9/27/2014,4,4,4,3,5,8
18,5,9/28/2014,5,2,4,4,5,8
18,7,9/30/2014,4,3,5,4,4,9
18,1,10/1/2014,3,3,3,4,5,7
18,2,10/2/2014,2,3,3,3,3,8
18,3,10/3/2014,4,4,3,4,5,9
18,4,10/4/2014,4,4,4,4,5,9
18,5,10/5/2014,4,3,5,4,5,9
18,6,10/6/2014,5,2,5,2,4,8
18,7,10/7/2014,4,2,3,3,4,8
18,1,10/8/2014,4,4,5,4,5,8
18,2,10/9/2014,5,3,4,3,4,9
18,4,10/11/2014,4,4,4,4,4,8
18,5,10/12/2014,2,2,1,2,4,6
18,6,10/13/2014,4,2,1,3,3,8
18,1,10/15/2014,2,2,1,3,4,6
18,2,10/16/2014,3,3,2,4,4,8
18,3,10/17/2014,4,5,2,4,4,9
18,4,10/18/2014,4,3,2,4,4,9
18,5,10/19/2014,4,4,2,4,4,9
18,6,10/20/2014,4,4,3,3,4,8
18,7,10/21/2014,4,4,3,4,4,8
18,1,10/22/2014,4,4,4,4,4,8
18,2,10/23/2014,4,2,4,4,4,8
18,3,10/24/2014,4,4,3,3,4,8
18,4,10/25/2014,4,2,4,4,5,8
18,5,10/26/2014,5,3,4,5,5,8
18,6,10/27/2014,4,4,4,4,5,6
18,7,10/28/2014,4,3,4,4,4,8
18,1,10/29/2014,4,5,4,4,5,9
18,2,10/30/2014,4,5,3,4,4,7
18,3,10/31/2014,5,4,4,4,4,8
18,4,11/1/2014,4,3,2,3,4,7
18,5,11/2/2014,5,5,3,4,5,9
18,6,11/3/2014,4,3,3,4,4,8
18,7,11/4/2014,4,5,3,4,4,10
18,1,11/5/2014,4,2,4,2,3,7.5
18,2,11/6/2014,3,3,3,4,5,7
18,3,11/7/2014,3,3,2,4,3,8
18,4,11/8/2014,3,4,3,4,4,7
18,5,11/9/2014,3,4,4,4,4,7
18,6,11/10/2014,5,3,3,2,4,8
18,7,11/11/2014,3,4,3,4,4,8
18,2,11/13/2014,4,4,4,4,5,8
18,3,11/14/2014,4,4,3,4,5,7
18,4,11/15/2014,4,2,4,3,4,7
18,5,11/16/2014,3,4,4,4,5,8
18,6,11/17/2014,4,4,3,4,4,7
18,7,11/18/2014,4,5,3,5,5,9
18,1,11/19/2014,4,3,4,5,5,8
18,2,11/20/2014,2,2,4,4,4,6
18,3,11/21/2014,4,5,2,3,4,8
18,4,11/22/2014,3,4,3,4,4,7
18,5,11/23/2014,4,4,4,4,4,8
18,6,11/24/2014,3,4,3,4,3,8
18,7,11/25/2014,4,2,3,4,5,7
18,1,11/26/2014,4,5,4,5,5,9
18,2,11/27/2014,4,4,3,4,4,7
18,3,11/28/2014,4,4,4,4,5,8
18,4,11/29/2014,4,4,4,3,4,7
18,5,11/30/2014,4,3,4,1,3,6
18,6,12/1/2014,3,2,4,2,4,8
18,7,12/2/2014,3,4,1,4,5,9
18,1,12/3/2014,4,4,2,4,4,9
18,2,12/4/2014,4,4,4,5,4,6.5
18,3,12/5/2014,4,4,4,5,4,7.5
18,4,12/6/2014,2,2,3,5,4,6.5
18,6,12/8/2014,3,4,4,4,4,8
18,7,12/9/2014,5,5,5,5,5,9
18,1,12/10/2014,5,5,5,5,5,9
18,2,12/11/2014,3,3,5,5,5,7
18,3,12/12/2014,5,4,5,4,4,10
18,4,12/13/2014,4,5,5,5,4,8
18,5,12/14/2014,2,4,3,4,5,8
18,6,12/15/2014,2,4,2,5,5,8
18,7,12/16/2014,4,4,3,5,5,8
18,1,12/17/2014,3,4,3,4,4,7
18,2,12/18/2014,4,4,4,4,4,9
18,3,12/19/2014,3,3,4,5,4,7.5
18,4,12/20/2014,4,4,3,4,4,8
18,5,12/21/2014,3,3,3,4,4,7.5
18,6,12/22/2014,2,2,3,3,4,6
18,7,12/23/2014,3,4,4,4,4,9.5
18,1,12/24/2014,4,4,4,5,5,8
18,2,12/25/2014,3,2,4,5,4,8
18,4,12/27/2014,4,5,2,5,5,9
18,5,12/28/2014,3,2,2,5,5,8
18,6,12/29/2014,4,2,4,5,4,8
18,7,12/30/2014,4,5,2,5,5,7
18,1,12/31/2014,4,3,4,5,3,8
17,3,9/26/2014,4,4,4,4,4,7
17,5,9/28/2014,4,4,4,4,4,7
17,6,9/29/2014,4,4,4,4,4,6
17,2,10/2/2014,3,4,3,3,4,3
17,4,10/4/2014,4,5,4,5,5,7
17,6,10/6/2014,4,4,4,4,4,7
17,1,10/8/2014,5,5,5,5,5,8
17,4,10/11/2014,4,4,4,4,4,7
17,5,10/12/2014,4,4,4,4,4,7
17,6,10/13/2014,5,5,5,5,5,9
17,1,10/15/2014,5,4,5,4,4,7
17,2,10/16/2014,3,4,3,3,3,5
17,3,10/17/2014,4,4,4,4,4,5
17,4,10/18/2014,4,4,4,4,4,7
17,5,10/19/2014,4,4,4,4,4,7
17,6,10/20/2014,4,4,4,4,4,8
17,1,10/22/2014,4,4,4,4,4,7
17,2,10/23/2014,3,3,3,3,3,6
17,4,10/25/2014,4,4,4,4,4,7
17,5,10/26/2014,4,4,4,4,4,8
17,6,10/27/2014,4,4,4,4,4,7
17,1,10/29/2014,4,4,4,4,4,6
17,2,10/30/2014,4,4,4,4,4,6
17,3,10/31/2014,4,4,4,4,4,7
17,5,11/2/2014,4,4,4,4,4,8
17,1,11/5/2014,4,4,4,4,4,7
17,4,11/8/2014,5,5,5,5,5,8
17,5,11/9/2014,3,4,3,3,4,5
17,6,11/10/2014,4,5,4,5,5,8
17,2,11/13/2014,3,3,3,3,4,6
17,3,11/14/2014,4,4,4,4,4,7
17,4,11/15/2014,3,4,3,4,4,7
17,6,11/17/2014,3,4,3,4,4,7
17,1,11/19/2014,4,4,4,4,4,7
17,2,11/20/2014,3,4,3,3,4,6
17,3,11/21/2014,3,4,3,3,4,6
17,7,11/25/2014,3,4,3,3,3,6
17,3,11/28/2014,3,4,3,3,4,5
17,5,11/30/2014,4,4,4,4,4,6
17,7,12/2/2014,3,3,3,3,3,6
17,2,12/4/2014,3,4,1,3,4,7
17,2,12/11/2014,3,4,3,3,4,6
17,3,12/12/2014,3,4,4,4,4,7
17,4,12/20/2014,4,4,4,4,4,7
17,3,12/26/2014,3,4,3,3,4,7
16,3,9/26/2014,3,4,2,3,4,8
16,4,9/27/2014,3,5,3,3,4,9
16,5,9/28/2014,3,4,2,2,3,8
16,6,9/29/2014,2,4,2,3,4,9
16,7,9/30/2014,3,4,3,2,4,9
16,1,10/1/2014,4,4,2,3,4,8
16,2,10/2/2014,4,4,2,3,4,8
16,3,10/3/2014,3,5,2,3,4,9
16,4,10/4/2014,3,4,2,3,4,9
16,5,10/5/2014,4,4,3,3,4,8
16,6,10/6/2014,2,3,2,3,4,9
16,7,10/7/2014,3,4,2,2,4,9
16,1,10/8/2014,3,4,2,2,3,9
16,2,10/9/2014,3,4,2,3,4,9
16,3,10/10/2014,3,3,3,4,4,10
16,4,10/11/2014,3,3,2,3,4,8
16,5,10/12/2014,3,4,2,3,4,9
16,6,10/13/2014,3,4,3,3,4,9
16,7,10/14/2014,3,3,4,3,4,8
16,1,10/15/2014,3,3,3,3,4,6
16,2,10/16/2014,3,4,2,4,4,8
16,3,10/17/2014,3,4,3,4,4,9
16,4,10/18/2014,3,4,3,3,4,9
16,5,10/19/2014,3,3,3,3,4,8
16,6,10/20/2014,3,4,2,4,4,9
16,7,10/21/2014,3,4,3,3,4,7
16,1,10/22/2014,2,2,1,3,4,10
16,2,10/23/2014,2,3,2,3,4,9
16,3,10/24/2014,3,4,2,4,4,8
16,4,10/25/2014,3,4,2,4,4,8
16,5,10/26/2014,3,3,2,4,4,7
16,1,10/29/2014,4,4,2,4,4,8
16,2,10/30/2014,3,3,3,4,4,8
16,3,10/31/2014,4,3,4,4,4,8
16,4,11/1/2014,4,4,2,4,4,8
16,5,11/2/2014,3,4,2,3,4,8
16,6,11/3/2014,2,3,2,4,4,9
16,7,11/4/2014,3,3,2,4,4,8
16,1,11/5/2014,3,4,2,3,4,9
16,2,11/6/2014,3,3,3,4,4,8.5
16,3,11/7/2014,3,4,2,4,4,8
16,4,11/8/2014,2,4,2,4,4,8
16,5,11/9/2014,4,4,2,4,4,7.5
16,6,11/10/2014,3,3,3,4,4,9
16,7,11/11/2014,3,2,3,4,4,7.5
16,1,11/12/2014,3,3,4,4,4,9
16,2,11/13/2014,4,4,3,4,4,8
16,3,11/14/2014,3,4,3,4,4,9
16,4,11/15/2014,3,3,3,4,4,8
16,5,11/16/2014,3,3,2,4,4,9
16,6,11/17/2014,3,4,2,4,4,9
16,7,11/18/2014,3,3,2,4,4,9
16,1,11/19/2014,4,3,3,3,4,9
16,2,11/20/2014,3,4,3,4,4,8
16,3,11/21/2014,3,4,3,4,4,8.5
16,4,11/22/2014,3,3,2,4,4,9
16,5,11/23/2014,3,3,3,4,4,7
16,6,11/24/2014,4,3,3,4,4,8
16,7,11/25/2014,3,3,3,4,4,8
16,2,11/27/2014,3,4,2,4,4,9
16,3,11/28/2014,3,4,4,4,5,7.5
16,4,11/29/2014,3,3,3,4,5,8
16,5,11/30/2014,3,3,2,4,5,7.5
16,6,12/1/2014,3,4,3,4,5,9
16,7,12/2/2014,3,4,2,4,4,9
16,1,12/3/2014,3,3,2,4,5,9
16,2,12/4/2014,3,2,2,4,5,8.5
16,3,12/5/2014,3,2,2,4,5,8
16,4,12/6/2014,3,3,2,4,4,8
16,5,12/7/2014,3,4,2,4,5,8
16,6,12/8/2014,2,4,2,4,4,9
16,7,12/9/2014,3,4,2,4,5,9
16,1,12/10/2014,4,4,3,4,4,8
16,2,12/11/2014,3,2,3,4,5,8
16,3,12/12/2014,3,4,2,4,5,9.5
16,4,12/13/2014,3,4,2,4,4,8
16,5,12/14/2014,3,4,3,4,4,8
16,6,12/15/2014,3,3,2,4,4,8.5
16,7,12/16/2014,3,3,2,4,5,8
16,1,12/17/2014,2,2,3,4,5,7
16,2,12/18/2014,3,4,2,4,4,7.5
16,3,12/19/2014,3,3,3,4,5,8
16,4,12/20/2014,3,3,3,4,4,8.5
16,5,12/21/2014,3,3,3,4,5,7
16,6,12/22/2014,3,4,3,3,4,8.5
16,7,12/23/2014,3,4,4,4,4,8.5
16,1,12/24/2014,3,4,3,4,3,8.5
16,2,12/25/2014,3,4,3,4,4,9
16,3,12/26/2014,3,3,3,4,5,9
16,4,12/27/2014,3,4,3,4,5,8.5
16,6,12/29/2014,3,4,3,4,4,9
16,7,12/30/2014,3,3,4,3,4,9
15,3,9/26/2014,3,3,4,4,5,7
15,4,9/27/2014,3,4,2,3,4,8
15,5,9/28/2014,3,4,4,3,4,9
15,6,9/29/2014,4,4,3,3,4,10
15,7,9/30/2014,3,4,2,3,3,8
15,1,10/1/2014,3,4,2,3,4,9
15,2,10/2/2014,3,4,3,3,4,9
15,3,10/3/2014,4,4,2,3,5,11
15,4,10/4/2014,4,4,4,4,5,10
15,5,10/5/2014,4,4,5,3,4,9
15,6,10/6/2014,3,4,2,3,4,10
15,7,10/7/2014,4,4,3,3,4,10
15,1,10/8/2014,3,3,3,3,4,9
15,2,10/9/2014,3,4,1,3,4,10
15,3,10/10/2014,4,4,3,3,4,12
15,4,10/11/2014,3,3,3,3,4,8
15,5,10/12/2014,3,4,3,3,4,10
15,6,10/13/2014,4,4,3,3,4,9
15,7,10/14/2014,3,4,2,4,4,10
15,1,10/15/2014,4,4,3,4,4,9
15,2,10/16/2014,3,4,2,3,3,8
15,3,10/17/2014,4,5,4,4,4,13
15,4,10/18/2014,3,3,3,3,4,6
15,5,10/19/2014,4,4,4,5,4,8
15,6,10/20/2014,3,4,3,4,5,9
15,7,10/21/2014,3,4,3,3,4,8
15,1,10/22/2014,3,4,3,4,4,8
15,2,10/23/2014,2,3,2,3,4,6
15,3,10/24/2014,4,4,3,3,4,9
15,4,10/25/2014,4,4,4,3,4,9
15,5,10/26/2014,4,4,4,3,4,9
15,6,10/27/2014,4,4,4,4,4,9
15,7,10/28/2014,3,4,4,3,4,9
15,1,10/29/2014,3,4,2,3,4,11
15,2,10/30/2014,3,4,3,3,3,7
15,3,10/31/2014,4,4,4,3,4,9
15,4,11/1/2014,4,5,3,3,4,8
15,5,11/2/2014,4,4,3,3,5,9
15,6,11/3/2014,3,3,1,3,3,7
15,7,11/4/2014,4,4,4,3,4,11
15,1,11/5/2014,3,4,3,3,4,10
15,2,11/6/2014,3,4,2,3,4,7
15,3,11/7/2014,3,4,2,3,4,9
15,4,11/8/2014,3,4,2,3,4,9
15,5,11/9/2014,2,3,3,3,3,7
15,6,11/10/2014,2,4,3,3,3,15
15,7,11/11/2014,3,4,3,3,3,12
15,1,11/12/2014,3,3,4,3,4,8
15,2,11/13/2014,3,2,3,3,4,6
15,3,11/14/2014,3,3,4,3,4,7
15,4,11/15/2014,4,4,4,4,4,9
15,5,11/16/2014,3,4,4,4,5,8
15,6,11/17/2014,4,4,2,3,4,9
15,7,11/18/2014,4,4,4,4,4,9
15,1,11/19/2014,3,4,3,3,4,9
15,2,11/20/2014,3,4,2,3,4,7
15,3,11/21/2014,3,4,3,3,4,8
15,4,11/22/2014,4,4,4,4,4,6
15,5,11/23/2014,3,4,4,4,4,9
15,6,11/24/2014,3,4,2,3,4,9
15,7,11/25/2014,3,4,2,3,3,8
15,1,11/26/2014,3,4,3,3,4,8
15,3,11/28/2014,3,4,1,3,3,9
15,4,11/29/2014,3,4,2,3,4,7
15,5,11/30/2014,4,4,5,4,4,10
15,6,12/1/2014,4,4,5,4,4,10
15,7,12/2/2014,2,4,3,3,3,10
15,1,12/3/2014,3,3,3,3,4,10
15,2,12/4/2014,3,4,2,3,4,9
15,3,12/5/2014,4,4,4,4,4,9
15,4,12/6/2014,3,4,2,3,4,9
15,5,12/7/2014,3,4,3,3,4,10
15,6,12/8/2014,3,4,3,3,4,9
15,7,12/9/2014,3,4,2,3,3,10
15,2,12/11/2014,3,4,2,3,3,10
15,3,12/12/2014,3,4,3,3,4,11
15,4,12/13/2014,4,4,4,3,4,9
15,5,12/14/2014,4,4,4,4,4,9
15,6,12/15/2014,3,4,3,3,4,11
15,7,12/16/2014,3,4,3,3,4,9
15,1,12/17/2014,4,3,3,3,4,8
15,3,12/19/2014,3,4,3,3,4,10
15,4,12/20/2014,4,3,3,3,4,9
15,5,12/21/2014,3,4,3,3,4,11
15,6,12/22/2014,4,4,3,4,4,10
15,7,12/23/2014,3,4,3,3,4,9
15,1,12/24/2014,4,4,4,4,4,9
15,2,12/25/2014,3,4,2,3,3,9
15,3,12/26/2014,3,3,1,3,3,9
15,4,12/27/2014,3,3,2,3,3,9
15,5,12/28/2014,3,4,3,3,4,9
15,6,12/29/2014,2,3,3,3,4,6
15,7,12/30/2014,3,4,4,4,4,9.5
14,3,9/26/2014,3,4,3,5,5,8
14,4,9/27/2014,3,3,3,4,5,8
14,5,9/28/2014,4,3,4,3,4,8
14,6,9/29/2014,4,3,4,2,5,8
14,7,9/30/2014,2,2,1,3,3,7
14,1,10/1/2014,2,4,2,4,4,8
14,3,10/3/2014,3,3,3,3,4,8
14,4,10/4/2014,4,5,3,3,4,9
14,5,10/5/2014,4,4,1,4,4,9
14,6,10/6/2014,4,4,3,4,4,8
14,7,10/7/2014,5,4,4,4,4,9
14,1,10/8/2014,4,5,4,4,4,9
14,4,10/11/2014,2,2,3,2,3,8
14,5,10/12/2014,4,4,3,3,3,8
14,6,10/13/2014,3,3,3,2,3,8
14,7,10/14/2014,3,4,3,3,4,9
14,1,10/15/2014,3,3,3,4,4,8
14,2,10/16/2014,2,4,3,3,4,6
14,3,10/17/2014,4,4,3,4,4,9
14,4,10/18/2014,4,4,3,4,4,9
14,5,10/19/2014,5,4,3,5,4,10
14,6,10/20/2014,4,4,3,3,3,9
14,7,10/21/2014,4,4,3,5,4,9
14,1,10/22/2014,4,3,3,3,3,9
14,3,10/24/2014,4,4,3,3,4,9
14,4,10/25/2014,4,4,3,4,5,10
14,5,10/26/2014,3,3,3,4,4,8
14,6,10/27/2014,4,4,2,4,5,10
14,1,10/29/2014,2,3,3,4,4,8
14,2,10/30/2014,4,4,2,3,4,9
14,3,10/31/2014,4,4,3,4,4,10
14,4,11/1/2014,4,4,2,3,5,9
14,5,11/2/2014,4,4,2,3,4,9
14,6,11/3/2014,3,4,2,4,4,9
14,7,11/4/2014,4,3,2,4,4,9
14,1,11/5/2014,4,4,1,3,4,8
14,2,11/6/2014,4,4,1,3,4,9.5
14,3,11/7/2014,3,4,2,2,4,7
14,4,11/8/2014,4,4,3,3,4,8.5
14,5,11/9/2014,3,4,2,4,4,8
14,6,11/10/2014,3,4,1,4,4,8
14,7,11/11/2014,3,4,1,4,4,8
14,1,11/12/2014,4,3,2,3,4,7.5
14,2,11/13/2014,4,4,1,2,4,8
14,3,11/14/2014,4,4,3,4,4,9
14,5,11/16/2014,4,4,4,4,4,8
14,6,11/17/2014,2,4,1,3,4,8
14,7,11/18/2014,3,3,4,2,4,8
14,2,11/20/2014,3,4,2,2,3,8
14,4,11/22/2014,4,4,3,4,4,9
14,5,11/23/2014,4,4,3,3,4,8
14,6,11/24/2014,4,4,1,3,4,8.5
14,7,11/25/2014,3,4,2,3,4,7.5
14,3,11/28/2014,2,3,3,2,4,6
14,4,11/29/2014,2,4,4,3,4,8
14,5,11/30/2014,3,4,3,2,4,8
14,6,12/1/2014,4,4,3,3,4,8.5
14,7,12/2/2014,2,4,3,4,2,6
14,1,12/3/2014,4,5,2,4,4,9
14,2,12/4/2014,3,4,3,2,3,9
14,3,12/5/2014,3,4,3,3,3,9.5
14,4,12/6/2014,3,4,2,3,4,8.5
14,5,12/7/2014,3,4,1,3,4,8.5
14,6,12/8/2014,4,4,3,4,4,8.5
14,7,12/9/2014,3,3,3,3,3,8.5
14,1,12/10/2014,3,4,3,4,4,8
14,2,12/11/2014,3,5,3,2,4,9
14,3,12/12/2014,4,4,3,3,4,8.5
14,4,12/13/2014,4,4,3,3,4,8.5
14,5,12/14/2014,3,4,3,2,4,7
14,7,12/16/2014,2,4,3,2,4,7.5
14,1,12/17/2014,3,5,3,3,4,8.5
14,2,12/18/2014,3,4,3,3,4,8
14,3,12/19/2014,3,4,3,3,4,9
14,4,12/20/2014,4,4,3,3,4,9
14,5,12/21/2014,3,5,1,3,4,9.5
14,7,12/23/2014,3,4,3,4,4,9
14,1,12/24/2014,3,4,3,4,4,9
14,3,12/26/2014,4,4,3,3,4,8.5
14,4,12/27/2014,4,5,3,4,4,9.5
14,5,12/28/2014,4,4,3,4,4,9
14,6,12/29/2014,2,4,3,4,4,6.5
14,7,12/30/2014,3,4,3,4,4,8.5
14,1,12/31/2014,4,4,3,4,4,7
13,3,9/26/2014,4,3,4,3,4,7
13,4,9/27/2014,3,3,4,4,4,7
13,5,9/28/2014,4,4,5,3,4,7
13,6,9/29/2014,3,2,4,3,4,6
13,7,9/30/2014,3,4,2,5,4,7
13,1,10/1/2014,4,5,4,5,5,5
13,2,10/2/2014,4,3,4,5,5,7
13,3,10/3/2014,4,5,4,4,4,10
13,4,10/4/2014,4,5,5,4,4,8
13,5,10/5/2014,5,4,5,4,4,9
13,6,10/6/2014,3,4,3,4,4,8
13,7,10/7/2014,5,4,5,4,3,8
13,1,10/8/2014,3,3,4,4,4,6
13,2,10/9/2014,3,3,3,3,3,7
13,3,10/10/2014,4,5,4,4,4,13
13,4,10/11/2014,4,2,5,4,4,4
13,5,10/12/2014,4,4,4,4,4,9
13,6,10/13/2014,4,5,4,4,4,9
13,7,10/14/2014,3,1,3,1,3,4
13,2,10/16/2014,3,3,3,4,5,6
13,3,10/17/2014,3,3,4,3,4,6
13,4,10/18/2014,3,3,4,3,4,9
13,5,10/19/2014,5,5,5,3,4,9
13,6,10/20/2014,3,2,3,4,4,6
13,7,10/21/2014,3,3,4,4,4,6
13,1,10/22/2014,4,4,4,4,4,8
13,2,10/23/2014,4,3,3,4,4,6
13,3,10/24/2014,4,4,4,4,4,8
13,4,10/25/2014,5,5,5,4,4,8
13,5,10/26/2014,5,4,5,3,4,7
13,6,10/27/2014,5,5,4,4,4,9
13,7,10/28/2014,3,3,4,4,4,6
13,1,10/29/2014,4,4,3,4,4,8
13,2,10/30/2014,4,4,4,5,5,7
13,3,10/31/2014,4,4,4,5,5,7
13,4,11/1/2014,3,3,4,4,4,7
13,5,11/2/2014,4,4,5,5,5,7
13,6,11/3/2014,3,3,3,5,5,5
13,7,11/4/2014,4,4,5,5,5,8
13,1,11/5/2014,5,5,5,5,5,9
13,2,11/6/2014,3,3,3,5,5,5.5
13,3,11/7/2014,3,2,4,5,5,4.5
13,4,11/8/2014,3,3,4,5,5,6
13,5,11/9/2014,4,5,5,5,5,8
13,6,11/10/2014,5,5,5,5,5,9
13,7,11/11/2014,4,4,5,5,5,5.5
13,1,11/12/2014,5,5,5,5,5,8
13,2,11/13/2014,3,3,4,4,3,5
13,3,11/14/2014,4,4,4,4,4,7
13,4,11/15/2014,4,4,4,4,4,7
13,5,11/16/2014,4,4,5,4,4,6
13,6,11/17/2014,3,4,2,3,3,10.5
13,7,11/18/2014,4,4,3,4,4,8
13,1,11/19/2014,4,4,4,4,4,8
13,2,11/20/2014,3,4,3,4,4,6.5
13,4,11/22/2014,4,4,5,4,4,6
13,5,11/23/2014,4,4,4,4,4,6.5
13,6,11/24/2014,3,3,2,4,4,5.5
13,7,11/25/2014,4,4,3,5,5,8.5
13,2,11/27/2014,3,4,3,5,5,7
13,3,11/28/2014,4,4,5,5,5,7
13,4,11/29/2014,4,4,5,5,5,7
13,5,11/30/2014,5,5,5,5,5,7
13,6,12/1/2014,5,5,5,5,5,8.5
13,7,12/2/2014,3,4,5,5,5,5
13,1,12/3/2014,4,5,5,5,5,7
13,2,12/4/2014,5,5,5,5,5,7
13,3,12/5/2014,5,5,5,5,5,7
13,4,12/6/2014,5,5,5,5,5,7.5
13,5,12/7/2014,5,5,5,5,5,7
13,6,12/8/2014,5,5,5,5,5,9
13,1,12/10/2014,4,4,3,5,5,7.5
13,2,12/11/2014,3,3,4,5,5,6
13,3,12/12/2014,5,5,5,5,5,10.5
13,4,12/13/2014,4,5,5,5,5,6
13,5,12/14/2014,5,5,5,5,5,8.5
13,6,12/15/2014,5,5,5,5,5,8
13,7,12/16/2014,4,3,5,5,5,4.5
13,1,12/17/2014,4,5,5,3,5,8.5
13,2,12/18/2014,4,4,4,4,4,6.5
13,3,12/19/2014,4,5,4,5,5,7
13,4,12/20/2014,4,5,4,5,5,6.5
13,5,12/21/2014,5,5,4,5,5,7
13,6,12/22/2014,5,5,5,5,5,8.5
13,7,12/23/2014,4,4,5,5,5,6
13,1,12/24/2014,4,5,5,4,5,8
13,2,12/25/2014,4,4,3,4,5,5.5
13,3,12/26/2014,4,5,4,5,5,8.5
13,4,12/27/2014,4,4,5,5,5,6.5
13,5,12/28/2014,4,4,5,5,5,7
13,7,12/30/2014,3,4,5,5,5,8.5
13,1,12/31/2014,4,4,4,5,5,9
12,3,9/26/2014,3,2,4,3,4,8
12,4,9/27/2014,3,4,3,3,4,8
12,5,9/28/2014,3,3,4,3,3,7
12,6,9/29/2014,2,2,2,3,4,7
12,7,9/30/2014,3,4,3,3,4,8
12,1,10/1/2014,3,4,2,3,4,8
12,2,10/2/2014,2,2,2,3,4,8
12,3,10/3/2014,3,3,4,4,3,8
12,4,10/4/2014,3,4,3,3,4,9
12,5,10/5/2014,5,3,4,4,4,9
12,6,10/6/2014,2,2,3,4,4,7
12,7,10/7/2014,4,4,3,2,3,9
12,2,10/9/2014,4,4,3,3,4,9
12,3,10/10/2014,4,5,2,4,4,10
12,4,10/11/2014,2,3,3,4,4,8
12,5,10/12/2014,3,3,3,2,4,8
12,6,10/13/2014,4,4,4,3,4,9
12,7,10/14/2014,2,3,4,4,4,8
12,1,10/15/2014,2,2,3,3,4,6
12,2,10/16/2014,3,3,3,2,2,8
12,3,10/17/2014,2,2,3,3,4,5
12,4,10/18/2014,2,3,3,3,4,7
12,5,10/19/2014,3,4,3,4,4,9
12,6,10/20/2014,2,2,3,3,3,7
12,7,10/21/2014,3,4,4,3,4,8
12,1,10/22/2014,3,3,4,4,4,7
12,2,10/23/2014,3,3,4,4,4,7
12,4,10/25/2014,3,3,4,4,3,7
12,5,10/26/2014,3,4,2,3,4,9
12,6,10/27/2014,3,4,3,3,4,10
12,7,10/28/2014,4,4,2,4,4,9
12,1,10/29/2014,3,3,3,4,4,9
12,2,10/30/2014,3,3,4,4,4,9
12,3,10/31/2014,2,1,3,3,3,5
12,4,11/1/2014,4,4,3,4,4,9
12,5,11/2/2014,3,4,3,4,4,8
12,6,11/3/2014,2,2,3,3,3,8
12,7,11/4/2014,3,4,4,3,4,9
12,1,11/5/2014,3,4,4,3,4,8
12,2,11/6/2014,2,1,2,3,4,5.5
12,3,11/7/2014,2,3,3,3,4,7
12,4,11/8/2014,3,4,4,4,4,8.5
12,5,11/9/2014,4,4,4,3,4,9
12,6,11/10/2014,4,4,4,3,4,9.5
12,7,11/11/2014,3,3,4,4,4,8
12,2,11/13/2014,3,3,4,3,4,7.5
12,3,11/14/2014,4,4,3,4,4,7.5
12,4,11/15/2014,4,4,3,4,4,7.5
12,5,11/16/2014,3,3,4,4,4,7.5
12,6,11/17/2014,2,3,3,4,4,5
12,7,11/18/2014,3,4,4,4,4,8.5
12,1,11/19/2014,4,3,4,4,4,8.5
12,2,11/20/2014,3,4,2,3,4,7
12,3,11/21/2014,2,3,2,3,4,6.5
12,4,11/22/2014,4,4,3,4,4,9
12,5,11/23/2014,4,4,3,4,4,8.5
12,6,11/24/2014,3,3,3,3,4,8
12,7,11/25/2014,2,3,3,3,4,7
12,2,11/27/2014,2,2,3,3,4,7
12,3,11/28/2014,4,3,4,4,4,7
12,4,11/29/2014,3,3,4,3,4,7.5
12,5,11/30/2014,3,4,3,4,4,8
12,6,12/1/2014,4,4,3,4,4,8.5
12,7,12/2/2014,3,2,3,2,3,8.5
12,1,12/3/2014,2,3,3,3,3,8.5
12,2,12/4/2014,2,3,2,3,4,7
12,3,12/5/2014,2,2,3,3,4,6
12,4,12/6/2014,3,4,3,4,4,9
12,5,12/7/2014,3,4,3,3,4,8
12,6,12/8/2014,4,4,3,3,4,9.5
12,7,12/9/2014,2,3,3,3,3,8.5
12,1,12/10/2014,3,3,4,4,4,8
12,2,12/11/2014,3,4,3,3,4,7
12,3,12/12/2014,4,4,3,4,4,9.5
12,4,12/13/2014,3,3,3,4,4,8
12,5,12/14/2014,2,2,3,3,3,6
12,6,12/15/2014,2,2,3,3,3,5.5
12,7,12/16/2014,3,3,4,3,4,8
12,1,12/17/2014,3,4,3,3,4,7
12,2,12/18/2014,3,3,3,3,4,8
12,3,12/19/2014,2,3,4,3,4,7
12,4,12/20/2014,2,4,4,3,4,9.5
12,5,12/21/2014,2,2,3,3,3,6.5
12,6,12/22/2014,3,4,3,4,4,9.5
12,7,12/23/2014,4,4,4,3,4,9.5
12,1,12/24/2014,3,3,4,3,4,8
12,2,12/25/2014,2,2,2,3,4,6
12,3,12/26/2014,3,4,3,3,3,8
12,4,12/27/2014,3,3,3,4,4,6.5
12,5,12/28/2014,3,3,4,3,4,8
12,6,12/29/2014,3,4,3,3,4,7.5
12,7,12/30/2014,3,3,3,3,4,7
12,1,12/31/2014,2,2,3,3,4,6.5
11,3,9/26/2014,3,4,3,3,4,8
11,4,9/27/2014,3,3,3,3,4,8
11,5,9/28/2014,3,3,3,4,4,7
11,6,9/29/2014,4,4,4,3,4,9
11,7,9/30/2014,2,2,2,3,3,5
11,1,10/1/2014,3,4,2,3,3,9
11,2,10/2/2014,2,4,3,3,3,9
11,3,10/3/2014,3,3,3,3,4,9
11,4,10/4/2014,2,3,4,3,4,9
11,5,10/5/2014,3,3,4,4,4,8
11,6,10/6/2014,2,2,2,4,4,7
11,7,10/7/2014,2,4,3,3,3,9
11,1,10/8/2014,2,4,3,3,3,9
11,3,10/10/2014,4,4,3,2,3,9
11,4,10/11/2014,2,4,3,3,3,8
11,5,10/12/2014,3,3,2,3,4,7
11,6,10/13/2014,5,4,4,3,5,9
11,7,10/14/2014,3,2,2,3,3,6
11,1,10/15/2014,4,4,4,4,4,8
11,2,10/16/2014,2,4,2,3,3,7
11,3,10/17/2014,2,4,3,3,3,7
11,4,10/18/2014,3,5,4,3,4,10
11,5,10/19/2014,4,4,4,4,4,8
11,6,10/20/2014,3,2,2,3,4,7
11,7,10/21/2014,4,3,4,3,4,8
11,1,10/22/2014,4,4,4,3,4,8
11,2,10/23/2014,3,3,2,4,3,7
11,3,10/24/2014,3,3,3,3,4,7
11,4,10/25/2014,4,3,3,3,3,8
11,5,10/26/2014,3,4,4,3,4,9
11,6,10/27/2014,4,4,4,3,4,8
11,7,10/28/2014,4,4,4,4,4,8
11,2,10/30/2014,2,4,2,3,4,7
11,3,10/31/2014,4,4,4,2,3,7
11,4,11/1/2014,4,4,4,3,3,7
11,5,11/2/2014,4,4,4,2,3,8
11,6,11/3/2014,3,2,2,3,3,8
11,7,11/4/2014,4,4,3,4,4,9
11,1,11/5/2014,4,4,4,2,3,9
11,2,11/6/2014,2,3,2,2,4,8
11,3,11/7/2014,3,3,3,3,3,8
11,4,11/8/2014,2,3,3,3,2,8
11,5,11/9/2014,2,4,4,2,3,9
11,6,11/10/2014,4,4,3,3,2,8
11,7,11/11/2014,3,3,4,3,4,7
11,1,11/12/2014,3,4,4,3,5,8
11,2,11/13/2014,2,3,2,2,3,7
11,3,11/14/2014,3,3,3,3,4,7
11,4,11/15/2014,4,3,4,2,3,8
11,5,11/16/2014,4,3,4,3,3,8
11,6,11/17/2014,2,2,2,3,3,8
11,7,11/18/2014,3,3,3,3,3,9
11,2,11/20/2014,3,3,2,3,2,7
11,3,11/21/2014,4,4,3,2,3,9
11,4,11/22/2014,4,4,3,3,3,8
11,5,11/23/2014,4,4,4,4,4,8
11,7,11/25/2014,3,4,4,3,3,7.5
11,3,11/28/2014,3,4,3,3,5,8
11,4,11/29/2014,3,4,3,3,5,8
11,5,11/30/2014,3,3,3,3,3,6
11,6,12/1/2014,3,3,4,4,3,8
11,7,12/2/2014,3,3,2,5,5,9
11,1,12/3/2014,4,4,3,3,4,11
11,2,12/4/2014,2,4,2,3,3,9
11,3,12/5/2014,2,4,2,3,3,9
11,4,12/6/2014,4,3,4,3,3,8
11,1,12/10/2014,3,2,3,3,4,7
11,3,12/12/2014,3,3,4,3,4,8
11,4,12/13/2014,3,3,3,3,3,9
11,5,12/14/2014,2,3,3,3,3,9
11,6,12/15/2014,4,4,4,4,4,9
11,2,12/18/2014,3,2,2,3,3,8
11,4,12/20/2014,3,3,3,4,3,8
11,5,12/21/2014,4,4,3,3,4,9
11,6,12/22/2014,3,3,4,4,3,8
11,7,12/23/2014,3,4,4,3,4,8
11,1,12/24/2014,3,3,4,4,4,7
11,3,12/26/2014,3,3,3,3,4,8
11,6,12/29/2014,3,3,4,4,4,7
11,1,12/31/2014,3,2,4,4,4,7
10,3,9/26/2014,2,4,3,4,4,9
10,4,9/27/2014,4,4,4,4,4,10
10,5,9/28/2014,4,4,4,4,4,10
10,7,9/30/2014,3,2,3,4,4,5
10,3,10/3/2014,3,4,3,4,4,10
10,7,10/7/2014,2,4,3,3,4,10
10,2,10/9/2014,3,4,3,4,4,10
10,6,10/13/2014,4,4,4,4,4,8
10,1,10/15/2014,4,4,3,4,4,11
10,2,10/16/2014,3,4,3,3,4,8
10,3,10/17/2014,2,3,3,3,3,10
10,5,10/19/2014,2,2,2,3,3,8
10,6,10/20/2014,2,2,2,3,3,7
10,7,10/21/2014,3,3,3,3,3,8
10,1,10/22/2014,3,3,3,3,3,7
10,2,10/23/2014,2,1,3,3,4,5
10,3,10/24/2014,4,5,3,4,5,10
10,4,10/25/2014,4,5,3,4,4,11
10,5,10/26/2014,4,5,4,4,4,11
10,6,10/27/2014,3,3,3,4,4,10
10,2,10/30/2014,4,4,4,4,4,10
10,3,10/31/2014,4,4,4,4,4,11
10,4,11/1/2014,4,4,3,4,4,7
10,5,11/2/2014,4,5,4,4,4,10
10,1,11/5/2014,4,4,4,4,4,10
10,3,11/7/2014,4,5,4,3,4,8
10,6,11/10/2014,4,4,4,3,4,10
10,2,11/13/2014,3,4,3,4,4,8
10,3,11/14/2014,4,5,4,4,4,11
10,4,11/15/2014,4,4,3,4,4,9
10,5,11/16/2014,4,4,3,3,4,10.5
10,6,11/17/2014,3,2,3,3,3,7
10,7,11/18/2014,3,3,4,3,4,8
10,1,11/19/2014,3,4,4,4,4,8
10,2,11/20/2014,3,4,3,3,3,7
10,3,11/21/2014,4,4,4,3,4,10
10,4,11/22/2014,4,4,4,3,4,10
10,7,11/25/2014,4,4,4,4,4,9
10,1,11/26/2014,4,4,4,4,3,10
10,2,11/27/2014,3,4,3,3,3,10
10,3,11/28/2014,3,4,4,4,4,9
10,4,11/29/2014,3,4,4,4,4,9
10,5,11/30/2014,4,3,4,4,3,10
10,6,12/1/2014,4,5,4,3,3,10
10,7,12/2/2014,3,4,3,3,3,8
10,1,12/3/2014,4,3,4,4,3,10
10,2,12/4/2014,4,4,3,4,4,9.5
10,3,12/5/2014,3,3,3,3,4,7
10,4,12/6/2014,3,4,2,3,4,9
10,5,12/7/2014,2,4,2,3,4,11
10,6,12/8/2014,3,3,3,3,4,7
10,7,12/9/2014,3,3,3,3,4,5
10,1,12/10/2014,3,4,4,3,4,10
10,2,12/11/2014,3,4,3,3,3,8
10,3,12/12/2014,3,4,3,3,4,8
10,4,12/13/2014,3,3,3,4,4,8
10,5,12/14/2014,3,3,3,4,4,7
10,6,12/15/2014,4,5,4,4,4,12
10,7,12/16/2014,3,4,4,3,4,6
10,1,12/17/2014,3,4,4,4,4,10
10,2,12/18/2014,3,4,3,4,4,6.5
10,3,12/19/2014,3,4,4,4,4,10
10,4,12/20/2014,4,5,4,4,4,10
10,5,12/21/2014,3,4,3,3,4,9
10,6,12/22/2014,3,4,2,4,4,8
10,7,12/23/2014,3,4,2,4,4,9
10,1,12/24/2014,3,4,3,3,4,9
10,2,12/25/2014,3,4,3,3,4,8
10,3,12/26/2014,4,4,3,3,4,10
10,4,12/27/2014,3,4,3,3,4,10
10,6,12/29/2014,3,4,3,3,4,8
10,7,12/30/2014,3,3,2,3,4,7
10,1,12/31/2014,3,2,3,3,4,6
9,3,9/26/2014,3,4,3,4,4,8
9,4,9/27/2014,3,4,4,3,4,8
9,5,9/28/2014,4,3,4,4,4,8.5
9,6,9/29/2014,3,4,3,3,4,8
9,7,9/30/2014,3,3,2,4,4,7
9,1,10/1/2014,4,4,3,4,4,8
9,2,10/2/2014,3,4,2,3,4,8
9,3,10/3/2014,3,4,2,3,4,9
9,4,10/4/2014,3,4,3,4,4,9
9,5,10/5/2014,4,4,4,4,4,8
9,6,10/6/2014,3,4,2,4,4,9
9,7,10/7/2014,3,3,2,3,4,8
9,1,10/8/2014,3,4,3,3,4,8
9,2,10/9/2014,3,4,3,3,3,9
9,3,10/10/2014,3,4,2,4,4,10
9,4,10/11/2014,4,4,3,3,4,10
9,5,10/12/2014,3,4,3,3,4,9
9,6,10/13/2014,3,3,3,3,4,8
9,7,10/14/2014,4,4,3,2,2,9
9,1,10/15/2014,4,4,3,3,4,9
9,2,10/16/2014,3,4,2,4,4,8
9,3,10/17/2014,3,4,3,3,3,8
9,4,10/18/2014,4,4,4,3,4,9
9,5,10/19/2014,4,4,4,3,4,9
9,6,10/20/2014,4,2,4,3,4,8
9,7,10/21/2014,3,3,4,4,4,7
9,1,10/22/2014,4,4,4,4,4,9
9,2,10/23/2014,3,3,4,4,4,8
9,3,10/24/2014,3,2,4,3,4,7
9,4,10/25/2014,4,3,4,4,4,7
9,5,10/26/2014,4,4,3,4,4,9
9,6,10/27/2014,4,4,3,3,4,8
9,7,10/28/2014,4,4,4,4,4,9
9,1,10/29/2014,4,4,4,4,4,8
9,2,10/30/2014,4,4,4,4,4,9
9,3,10/31/2014,3,3,2,3,4,8
9,4,11/1/2014,3,4,3,4,4,7
9,5,11/2/2014,3,2,4,4,4,7
9,6,11/3/2014,3,3,4,4,4,7
9,7,11/4/2014,4,3,4,4,4,8
9,1,11/5/2014,4,4,4,3,4,9
9,2,11/6/2014,4,4,4,4,4,9
9,3,11/7/2014,4,3,3,4,4,8
9,4,11/8/2014,4,4,4,4,4,8.5
9,5,11/9/2014,3,4,3,4,4,8
9,1,11/12/2014,4,4,4,3,4,8
9,2,11/13/2014,3,4,2,4,4,8
9,3,11/14/2014,3,3,2,2,2,7
9,4,11/15/2014,3,3,3,3,4,7.5
9,5,11/16/2014,4,3,3,3,4,7
9,6,11/17/2014,3,4,2,3,4,8
9,7,11/18/2014,3,3,3,3,4,8
9,1,11/19/2014,2,3,3,4,4,7
9,2,11/20/2014,3,4,3,3,3,9
9,3,11/21/2014,3,4,3,3,4,7.5
9,4,11/22/2014,3,4,3,3,4,8
9,5,11/23/2014,3,4,3,3,4,7.5
9,6,11/24/2014,4,4,4,4,4,8
9,7,11/25/2014,3,3,3,3,4,7
9,1,11/26/2014,4,4,4,4,4,8
9,2,11/27/2014,4,4,4,2,2,9
9,3,11/28/2014,4,4,4,4,4,9
9,4,11/29/2014,4,3,4,4,4,8
9,5,11/30/2014,4,4,4,3,4,9
9,6,12/1/2014,4,4,3,4,4,8
9,7,12/2/2014,2,3,4,4,4,7
9,1,12/3/2014,3,4,3,4,4,9
9,2,12/4/2014,3,4,2,3,4,9
9,3,12/5/2014,2,3,3,3,4,6
9,4,12/6/2014,4,4,3,4,4,9
9,5,12/7/2014,4,4,4,3,4,9
9,6,12/8/2014,4,4,4,4,4,8
9,7,12/9/2014,4,5,2,3,3,10
9,1,12/10/2014,4,4,3,4,4,9
9,2,12/11/2014,2,4,1,4,4,8
9,3,12/12/2014,3,3,3,4,4,8
9,4,12/13/2014,4,3,3,4,3,9.5
9,5,12/14/2014,2,3,3,3,3,8
9,6,12/15/2014,2,2,3,2,2,5
9,2,12/18/2014,4,4,3,3,4,9
9,3,12/19/2014,4,4,3,4,4,8.5
9,4,12/20/2014,4,4,2,4,4,9
9,5,12/21/2014,4,4,3,4,4,9
9,6,12/22/2014,4,4,4,4,4,9
9,2,12/25/2014,3,4,2,4,5,7
9,3,12/26/2014,4,4,3,4,4,9
9,4,12/27/2014,4,4,2,4,5,9
9,6,12/29/2014,3,3,4,4,4,6.5
8,3,9/26/2014,2,5,4,4,4,9
8,4,9/27/2014,4,4,3,4,4,8
8,5,9/28/2014,4,4,4,4,4,8
8,6,9/29/2014,4,4,4,4,4,8
8,7,9/30/2014,2,3,2,4,4,6
8,1,10/1/2014,2,3,3,3,4,7
8,2,10/2/2014,3,4,4,3,3,8
8,3,10/3/2014,4,5,4,4,5,8
8,4,10/4/2014,4,4,4,4,4,10
8,6,10/6/2014,2,3,1,3,4,6
8,7,10/7/2014,4,4,4,4,4,9
8,1,10/8/2014,4,4,4,4,4,7
8,2,10/9/2014,2,4,1,3,4,8
8,5,10/12/2014,4,4,4,4,4,9
8,6,10/13/2014,4,4,4,4,4,8
8,7,10/14/2014,2,3,3,4,4,8
8,1,10/15/2014,3,3,3,4,4,7
8,2,10/16/2014,3,2,4,3,3,6
8,4,10/18/2014,3,4,4,4,4,7
8,5,10/19/2014,4,4,4,4,4,7
8,6,10/20/2014,3,3,2,3,3,7
8,1,10/22/2014,4,4,4,4,4,8
8,3,10/24/2014,4,3,2,4,4,6
8,4,10/25/2014,4,4,4,4,4,7
8,7,10/28/2014,3,4,3,3,3,8
8,2,10/30/2014,3,3,2,3,4,7
8,3,10/31/2014,2,3,2,4,4,7
8,4,11/1/2014,3,4,4,3,4,8
8,5,11/2/2014,4,4,4,5,4,8
8,6,11/3/2014,2,3,2,3,3,7
8,7,11/4/2014,2,3,2,4,4,8
8,1,11/5/2014,4,3,3,4,4,6
8,2,11/6/2014,2,2,1,3,3,8
8,4,11/8/2014,3,3,4,4,4,7
8,5,11/9/2014,3,3,4,3,3,8
8,6,11/10/2014,4,4,3,3,4,8
8,1,11/12/2014,4,4,4,4,4,8
8,2,11/13/2014,2,2,2,3,4,6
8,3,11/14/2014,3,3,4,3,3,7
8,4,11/15/2014,4,4,2,4,4,7
8,5,11/16/2014,4,4,4,4,4,8
8,6,11/17/2014,2,3,1,4,3,7
8,1,11/19/2014,3,3,4,3,3,8
8,2,11/20/2014,2,2,1,4,4,5
8,3,11/21/2014,3,3,2,4,4,8
8,4,11/22/2014,3,3,4,4,4,7
8,5,11/23/2014,4,4,4,4,4,8
8,6,11/24/2014,3,2,2,3,4,7
8,3,11/28/2014,4,4,4,4,4,8
8,4,11/29/2014,4,4,4,4,4,8
8,5,11/30/2014,4,5,4,3,4,8
8,6,12/1/2014,4,4,4,4,4,8
8,7,12/2/2014,4,4,4,4,4,7
8,1,12/3/2014,3,3,2,3,3,8
8,2,12/4/2014,3,4,3,3,4,8
8,3,12/5/2014,3,5,2,3,4,9
8,4,12/6/2014,3,3,2,4,4,8
8,5,12/7/2014,3,4,2,3,4,8
8,2,12/11/2014,4,4,2,4,4,8
8,3,12/12/2014,4,4,4,4,5,8
8,4,12/13/2014,4,3,2,2,4,7
8,5,12/14/2014,3,4,2,2,3,7
8,6,12/15/2014,4,4,4,4,4,7
8,7,12/16/2014,3,3,2,3,4,7
8,2,12/18/2014,3,4,3,3,4,9
8,3,12/19/2014,4,4,3,4,4,8
8,4,12/20/2014,4,4,4,4,4,9
8,5,12/21/2014,4,4,2,4,4,8
8,6,12/22/2014,4,4,4,4,4,7
8,1,12/24/2014,3,2,2,1,3,6
8,3,12/26/2014,4,4,2,3,4,7
8,4,12/27/2014,4,3,2,3,4,7
7,2,10/2/2014,3,4,5,5,4,10
7,3,10/3/2014,3,4,5,5,4,10
7,6,10/6/2014,3,4,3,3,4,8
7,7,10/7/2014,3,4,2,3,4,10
7,1,10/8/2014,4,4,3,3,4,9
7,2,10/9/2014,2,4,4,4,4,8
7,3,10/10/2014,4,4,4,5,4,10
7,4,10/11/2014,4,4,4,4,4,9
7,5,10/12/2014,4,4,4,4,4,10
7,6,10/13/2014,4,4,4,4,4,9
7,7,10/14/2014,4,4,4,4,4,9
7,1,10/15/2014,3,4,4,4,4,7
7,2,10/16/2014,4,4,4,4,4,8
7,3,10/17/2014,4,4,4,4,4,10
7,4,10/18/2014,4,4,4,4,4,10
7,5,10/19/2014,4,4,4,4,4,11
7,6,10/20/2014,3,3,3,3,3,10
7,7,10/21/2014,4,4,4,4,4,9
7,1,10/22/2014,4,4,4,4,4,10
7,2,10/23/2014,4,4,4,4,4,10
7,3,10/24/2014,4,4,4,4,4,10
7,4,10/25/2014,4,4,4,4,4,9
7,5,10/26/2014,4,4,4,4,4,10
7,6,10/27/2014,4,4,4,4,4,10
7,7,10/28/2014,4,4,4,4,4,9
7,1,10/29/2014,4,4,4,4,4,7
7,2,10/30/2014,4,4,4,4,4,10
7,3,10/31/2014,4,4,4,4,4,7
7,5,11/2/2014,5,5,5,5,5,9
7,6,11/3/2014,4,4,3,4,4,9
7,7,11/4/2014,4,4,4,4,4,11
7,1,11/5/2014,4,4,2,4,4,10.5
7,2,11/6/2014,3,4,3,4,4,7
7,3,11/7/2014,4,4,4,4,4,7
7,4,11/8/2014,4,4,3,5,5,7
7,5,11/9/2014,4,4,4,4,4,8
7,6,11/10/2014,5,4,2,4,4,10
7,7,11/11/2014,3,4,3,3,4,8
7,1,11/12/2014,4,4,4,4,4,7
7,2,11/13/2014,5,4,4,5,5,10
7,3,11/14/2014,4,5,2,4,4,10
7,4,11/15/2014,4,4,3,4,4,8
7,5,11/16/2014,4,4,4,4,4,9
7,6,11/17/2014,4,4,4,4,4,9
7,7,11/18/2014,4,4,4,4,4,7
7,1,11/19/2014,3,5,4,4,4,11
7,2,11/20/2014,4,4,4,4,4,9
7,3,11/21/2014,4,4,3,4,4,6
7,4,11/22/2014,3,4,2,5,4,11.5
7,5,11/23/2014,4,4,4,4,4,10
7,6,11/24/2014,5,5,5,5,5,8
7,7,11/25/2014,4,4,4,4,4,7
7,1,11/26/2014,4,4,4,4,4,10
7,2,11/27/2014,4,4,4,4,4,10
7,3,11/28/2014,5,4,3,4,4,7
7,4,11/29/2014,4,4,4,4,4,8
7,5,11/30/2014,3,3,2,5,5,9
7,6,12/1/2014,4,4,2,4,4,11
7,7,12/2/2014,4,3,1,5,4,9
7,1,12/3/2014,5,4,2,5,5,10.5
7,2,12/4/2014,4,4,3,5,5,8.5
7,3,12/5/2014,4,4,3,5,4,7
7,4,12/6/2014,4,4,4,4,4,11.5
7,5,12/7/2014,4,2,3,4,4,8
7,6,12/8/2014,4,4,4,5,5,9
7,7,12/9/2014,4,4,2,5,5,7
7,1,12/10/2014,5,4,3,5,4,11
7,2,12/11/2014,4,4,4,4,4,10
7,3,12/12/2014,4,2,4,5,5,11
7,4,12/13/2014,4,4,4,4,4,6
7,5,12/14/2014,4,4,2,5,5,9
7,6,12/15/2014,3,4,1,5,5,8.5
7,7,12/16/2014,4,4,2,5,5,9
7,1,12/17/2014,4,3,2,5,5,9
7,2,12/18/2014,4,5,4,5,5,10
7,3,12/19/2014,5,5,3,5,5,11
7,4,12/20/2014,5,5,3,5,5,10.5
7,5,12/21/2014,5,5,4,5,5,9
7,6,12/22/2014,5,5,3,5,5,10
7,7,12/23/2014,4,4,3,5,5,10.5
7,7,12/30/2014,4,4,3,5,5,11
6,3,9/26/2014,3,2,2,3,3,6
6,4,9/27/2014,3,2,2,2,3,8
6,5,9/28/2014,4,4,4,2,3,8
6,6,9/29/2014,4,3,4,2,3,8
6,7,9/30/2014,3,2,3,3,4,7
6,1,10/1/2014,4,3,4,3,3,9
6,2,10/2/2014,3,3,2,2,3,9
6,3,10/3/2014,3,3,3,2,3,9
6,4,10/4/2014,3,2,3,2,3,9
6,5,10/5/2014,3,2,3,2,3,8
6,6,10/6/2014,3,2,3,2,3,8
6,7,10/7/2014,3,4,4,2,3,9
6,1,10/8/2014,3,3,3,2,4,8
6,2,10/9/2014,2,2,3,2,3,8
6,3,10/10/2014,3,2,4,2,3,7
6,4,10/11/2014,3,3,3,4,4,9
6,5,10/12/2014,2,3,2,2,3,9
6,6,10/13/2014,3,3,3,1,3,9
6,7,10/14/2014,2,4,1,2,3,9
6,1,10/15/2014,3,2,3,3,4,7
6,2,10/16/2014,4,4,1,2,4,8
6,3,10/17/2014,2,4,3,2,3,6
6,4,10/18/2014,2,2,3,2,4,6
6,5,10/19/2014,3,3,3,2,3,7
6,6,10/20/2014,3,4,2,2,3,7
6,7,10/21/2014,1,4,4,2,2,7
6,1,10/22/2014,2,2,3,1,2,7
6,2,10/23/2014,2,3,2,2,4,7
6,3,10/24/2014,3,3,4,2,4,8
6,4,10/25/2014,2,1,3,2,4,8
6,5,10/26/2014,3,5,3,2,3,9
6,6,10/27/2014,3,4,3,2,4,9
6,7,10/28/2014,3,4,4,2,4,8
6,1,10/29/2014,1,4,2,2,4,7
6,2,10/30/2014,3,3,3,2,4,9
6,3,10/31/2014,3,4,4,2,4,8
6,4,11/1/2014,3,3,3,2,4,9
6,5,11/2/2014,3,2,4,2,4,7
6,6,11/3/2014,2,2,2,2,5,6
6,7,11/4/2014,3,4,2,2,4,7
6,1,11/5/2014,3,3,4,2,4,8
6,2,11/6/2014,2,4,1,2,4,9
6,3,11/7/2014,2,3,3,2,4,8
6,4,11/8/2014,3,3,4,2,4,8
6,5,11/9/2014,1,3,5,2,5,8
6,6,11/10/2014,2,3,3,2,4,8
6,7,11/11/2014,2,2,2,2,4,6
6,1,11/12/2014,3,3,4,2,4,8
6,2,11/13/2014,2,4,2,2,4,7
6,3,11/14/2014,3,4,2,3,5,7
6,5,11/16/2014,4,4,4,4,5,8
6,6,11/17/2014,2,4,1,2,4,8
6,7,11/18/2014,3,4,3,2,5,8.5
6,1,11/19/2014,2,5,4,3,5,8
6,2,11/20/2014,1,4,1,2,5,9
6,3,11/21/2014,2,4,2,1,4,8
6,4,11/22/2014,2,4,3,2,5,8
6,5,11/23/2014,2,4,3,1,4,7
6,6,11/24/2014,2,4,1,4,5,7
6,7,11/25/2014,3,2,4,4,5,8
6,1,11/26/2014,2,2,3,4,4,7
6,2,11/27/2014,2,2,1,4,5,9
6,3,11/28/2014,4,4,3,2,5,9
6,4,11/29/2014,2,3,3,1,4,8
6,5,11/30/2014,3,2,4,5,5,7
6,6,12/1/2014,4,2,4,3,3,6.5
6,7,12/2/2014,1,2,3,4,3,8
6,1,12/3/2014,3,4,2,3,5,10
6,2,12/4/2014,3,2,2,3,5,7
6,3,12/5/2014,2,3,2,3,5,8
6,4,12/6/2014,2,3,3,2,5,8
6,5,12/7/2014,3,3,4,2,5,8
6,6,12/8/2014,2,3,4,3,4,8
6,7,12/9/2014,1,2,2,3,2,8
6,1,12/10/2014,2,4,3,3,4,8
6,2,12/11/2014,2,3,3,4,5,10
6,3,12/12/2014,3,3,3,3,5,8
6,4,12/13/2014,2,3,2,3,5,6
6,5,12/14/2014,2,4,2,2,4,7
6,6,12/15/2014,3,5,2,2,5,9
6,7,12/16/2014,2,4,2,2,5,9
6,2,12/18/2014,3,4,2,2,3,7
6,3,12/19/2014,4,4,4,1,5,8
6,4,12/20/2014,4,5,2,2,5,9
6,5,12/21/2014,4,4,3,4,5,8
6,6,12/22/2014,4,5,3,4,4,8
6,7,12/23/2014,4,5,3,4,5,8
6,1,12/24/2014,3,3,3,3,5,8
6,2,12/25/2014,3,5,2,4,5,8
6,3,12/26/2014,3,4,2,5,5,8
6,4,12/27/2014,4,5,3,4,5,9
6,5,12/28/2014,3,3,3,5,5,8
6,6,12/29/2014,2,5,4,5,5,6
6,7,12/30/2014,4,5,3,5,5,10
6,1,12/31/2014,4,3,4,5,5,7
5,3,9/26/2014,3,4,2,2,2,7
5,4,9/27/2014,3,4,3,2,2,8
5,5,9/28/2014,4,4,4,3,3,9
5,6,9/29/2014,4,4,4,2,4,8
5,7,9/30/2014,4,5,3,2,2,9
5,1,10/1/2014,4,4,4,3,2,7
5,2,10/2/2014,4,4,3,2,3,8
5,3,10/3/2014,3,3,2,3,2,7
5,4,10/4/2014,3,3,3,2,3,8
5,5,10/5/2014,4,4,4,3,3,6
5,6,10/6/2014,3,4,4,4,4,9
5,7,10/7/2014,4,4,3,3,3,8
5,1,10/8/2014,4,4,3,2,3,8
5,2,10/9/2014,4,4,4,2,2,9
5,3,10/10/2014,4,5,5,3,3,9
5,4,10/11/2014,4,4,4,3,3,8
5,5,10/12/2014,4,4,3,3,2,9
5,6,10/13/2014,4,4,4,4,3,8
5,7,10/14/2014,4,4,4,4,3,7
5,1,10/15/2014,4,4,3,2,2,9
5,2,10/16/2014,3,4,2,3,2,8
5,3,10/17/2014,3,2,3,2,2,6
5,4,10/18/2014,3,2,3,2,3,6
5,5,10/19/2014,3,2,3,3,2,7
5,6,10/20/2014,4,3,3,3,2,7
5,7,10/21/2014,4,4,3,3,3,8
5,1,10/22/2014,4,3,4,3,3,7
5,2,10/23/2014,3,3,3,2,2,5
5,3,10/24/2014,4,3,3,3,2,9
5,4,10/25/2014,4,4,3,3,3,9
5,5,10/26/2014,3,4,3,3,3,8
5,6,10/27/2014,3,4,3,3,3,8
5,7,10/28/2014,3,3,2,3,2,8
5,1,10/29/2014,2,2,3,3,3,5
5,2,10/30/2014,4,4,3,3,3,6
5,3,10/31/2014,4,4,4,3,3,9
5,4,11/1/2014,3,4,3,3,2,8
5,5,11/2/2014,4,4,3,3,3,7
5,6,11/3/2014,4,3,3,3,2,7
5,7,11/4/2014,4,5,3,3,3,9
5,1,11/5/2014,4,3,3,2,1,8
5,2,11/6/2014,4,3,4,2,2,8
5,3,11/7/2014,4,3,3,2,2,8
5,4,11/8/2014,4,3,3,3,2,8
5,5,11/9/2014,3,4,4,3,3,8
5,6,11/10/2014,3,4,3,3,3,9
5,7,11/11/2014,4,4,4,3,3,8
5,1,11/12/2014,3,4,3,3,3,8
5,2,11/13/2014,4,4,4,3,3,6.5
5,3,11/14/2014,3,3,3,2,2,7
5,4,11/15/2014,3,3,3,2,2,6
5,5,11/16/2014,4,3,3,3,3,8
5,6,11/17/2014,3,3,3,3,3,7
5,7,11/18/2014,3,4,3,3,4,9
5,1,11/19/2014,3,3,3,2,2,9
5,2,11/20/2014,3,2,3,2,3,5.5
5,3,11/21/2014,3,3,3,3,3,8
5,4,11/22/2014,3,3,4,3,2,8
5,5,11/23/2014,4,4,4,4,3,9
5,6,11/24/2014,3,3,3,2,2,6
5,7,11/25/2014,3,3,4,3,4,7
5,1,11/26/2014,4,3,3,3,3,8
5,2,11/27/2014,3,3,3,3,3,7
5,3,11/28/2014,4,4,3,3,4,8
5,4,11/29/2014,4,4,3,3,4,8
5,5,11/30/2014,3,3,4,3,4,8
5,6,12/1/2014,3,3,4,3,4,6.5
5,7,12/2/2014,2,2,3,2,3,4.5
5,1,12/3/2014,4,4,4,3,3,9
5,2,12/4/2014,4,4,4,3,4,9
5,3,12/5/2014,4,3,4,3,4,9
5,4,12/6/2014,4,4,3,3,3,8
5,5,12/7/2014,4,5,4,3,3,9
5,6,12/8/2014,4,4,4,3,3,9
5,7,12/9/2014,2,3,3,3,2,9
5,1,12/10/2014,3,3,3,3,3,8
5,2,12/11/2014,3,4,3,3,3,7
5,3,12/12/2014,4,4,4,3,3,9
5,4,12/13/2014,2,3,2,3,3,8
5,5,12/14/2014,3,3,2,2,2,8
5,6,12/15/2014,3,3,3,2,2,8
5,7,12/16/2014,4,3,4,3,3,7.5
5,3,12/19/2014,4,3,3,3,3,8
5,4,12/20/2014,4,4,3,3,3,8
5,5,12/21/2014,4,4,4,4,4,9
5,6,12/22/2014,4,3,4,3,4,9
5,7,12/23/2014,4,3,4,3,4,9
5,1,12/24/2014,4,4,4,4,4,9
5,2,12/25/2014,4,4,4,5,5,9
5,3,12/26/2014,4,4,4,3,4,10
5,6,12/29/2014,3,3,3,3,2,6.5
5,7,12/30/2014,3,3,3,3,3,7
4,3,9/26/2014,3,4,4,3,3,8
4,4,9/27/2014,3,4,3,2,3,8
4,5,9/28/2014,3,4,4,3,4,7
4,6,9/29/2014,2,4,3,3,4,8
4,7,9/30/2014,3,3,3,4,4,9
4,1,10/1/2014,3,4,3,3,4,9
4,2,10/2/2014,3,3,3,3,4,8
4,3,10/3/2014,3,3,3,3,4,9
4,4,10/4/2014,3,4,3,3,4,9
4,5,10/5/2014,3,4,4,3,4,8
4,6,10/6/2014,4,4,4,4,4,9
4,7,10/7/2014,4,4,4,4,5,8
4,1,10/8/2014,4,4,4,4,5,8
4,2,10/9/2014,3,4,4,3,4,9
4,3,10/10/2014,4,4,4,4,4,9
4,4,10/11/2014,4,4,4,3,3,9
4,5,10/12/2014,4,4,3,3,4,9
4,6,10/13/2014,4,4,4,3,4,8
4,7,10/14/2014,4,4,4,3,3,9
4,1,10/15/2014,4,4,4,4,4,8
4,2,10/16/2014,4,4,4,3,4,8
4,3,10/17/2014,3,4,2,3,3,6
4,4,10/18/2014,4,5,3,4,4,9
4,5,10/19/2014,4,4,4,4,4,10
4,6,10/20/2014,4,4,4,4,4,10
4,7,10/21/2014,4,4,4,4,4,8
4,1,10/22/2014,5,4,4,4,4,9
4,2,10/23/2014,3,3,4,3,3,7
4,4,10/25/2014,4,4,4,4,4,4
4,5,10/26/2014,3,4,3,4,4,8
4,6,10/27/2014,4,4,3,3,4,9
4,7,10/28/2014,3,4,3,3,3,8
4,1,10/29/2014,3,4,3,3,3,8
4,2,10/30/2014,3,3,3,3,3,8
4,3,10/31/2014,4,4,3,3,3,7
4,4,11/1/2014,4,4,3,3,4,8
4,5,11/2/2014,3,4,4,3,3,9
4,6,11/3/2014,4,4,3,4,4,8
4,7,11/4/2014,4,4,3,3,3,9
4,1,11/5/2014,4,4,3,4,4,8
4,2,11/6/2014,3,3,3,3,3,7.5
4,3,11/7/2014,3,4,3,4,4,7.5
4,4,11/8/2014,4,3,3,4,4,7.5
4,5,11/9/2014,3,4,3,4,4,8.5
4,6,11/10/2014,4,4,4,4,4,9
4,7,11/11/2014,4,4,4,4,4,8
4,1,11/12/2014,4,4,4,4,4,7
4,2,11/13/2014,4,4,4,3,3,9
4,3,11/14/2014,3,4,4,4,4,7
4,5,11/16/2014,3,4,3,3,3,8.5
4,6,11/17/2014,3,4,3,3,3,10
4,7,11/18/2014,2,2,3,3,3,8.5
4,1,11/19/2014,2,3,3,3,3,8
4,2,11/20/2014,2,3,4,3,3,8
4,3,11/21/2014,3,3,4,3,3,8
4,5,11/23/2014,3,4,4,3,3,8
4,6,11/24/2014,3,4,4,4,4,8
4,1,11/26/2014,3,4,4,4,4,9
4,2,11/27/2014,3,4,4,3,3,10
4,3,11/28/2014,4,4,3,4,4,7.5
4,4,11/29/2014,4,4,3,4,4,8.5
4,5,11/30/2014,4,4,4,4,4,8
4,6,12/1/2014,4,4,4,4,4,8
4,7,12/2/2014,2,3,2,3,3,7.5
4,1,12/3/2014,4,4,3,4,4,8
4,2,12/4/2014,3,4,2,3,4,8
4,3,12/5/2014,4,4,3,4,4,7.5
4,4,12/6/2014,4,4,4,4,4,10
4,6,12/8/2014,4,4,4,4,4,9
4,7,12/9/2014,4,4,4,4,4,8
4,1,12/10/2014,3,4,3,4,4,9
4,2,12/11/2014,4,4,4,4,4,9
4,3,12/12/2014,3,4,4,4,4,9
4,4,12/13/2014,3,4,4,3,3,8
4,5,12/14/2014,3,4,3,3,3,8
4,6,12/15/2014,2,4,3,4,4,10
4,7,12/16/2014,2,5,3,5,5,7
4,1,12/17/2014,4,4,3,3,3,8
4,3,12/19/2014,1,4,3,3,3,7.5
4,4,12/20/2014,2,4,3,4,4,9
4,5,12/21/2014,2,4,3,4,4,9
4,6,12/22/2014,3,4,4,4,4,9
4,1,12/24/2014,3,4,4,4,4,7
4,2,12/25/2014,3,4,4,4,4,7.5
4,3,12/26/2014,3,4,4,4,4,7.5
4,5,12/28/2014,2,4,4,4,4,7.5
4,6,12/29/2014,4,4,4,4,4,9
4,7,12/30/2014,3,4,4,4,4,9
3,3,9/26/2014,3,3,3,2,3,6
3,4,9/27/2014,3,4,3,3,4,8
3,5,9/28/2014,2,4,3,3,3,6
3,6,9/29/2014,4,4,4,4,4,9
3,7,9/30/2014,3,4,3,3,4,8
3,1,10/1/2014,2,3,2,3,3,7
3,3,10/3/2014,3,4,3,4,4,9
3,5,10/5/2014,3,4,4,3,4,9
3,6,10/6/2014,3,3,3,4,4,8
3,7,10/7/2014,3,3,3,3,4,7
3,1,10/8/2014,2,2,3,2,3,7
3,3,10/10/2014,4,4,3,4,4,10
3,4,10/11/2014,3,4,3,4,4,8
3,5,10/12/2014,4,5,4,4,4,10
3,6,10/13/2014,3,4,3,4,4,8
3,7,10/14/2014,3,4,3,3,4,9
3,2,10/16/2014,2,4,2,3,4,7
3,3,10/17/2014,3,4,3,3,4,5
3,4,10/18/2014,3,3,3,3,3,7
3,5,10/19/2014,3,3,3,4,4,8
3,6,10/20/2014,3,4,3,4,4,9
3,7,10/21/2014,3,4,3,4,4,9
3,1,10/22/2014,4,4,4,4,4,9
3,3,10/24/2014,3,4,3,3,3,7
3,4,10/25/2014,4,3,3,3,3,8
3,6,10/27/2014,4,4,4,4,4,9
3,1,10/29/2014,3,4,3,3,3,8
3,2,10/30/2014,2,3,2,2,3,9
3,3,10/31/2014,3,3,3,3,4,7
3,4,11/1/2014,3,4,4,3,4,9
3,5,11/2/2014,4,4,4,4,4,9
3,6,11/3/2014,3,4,3,4,4,8
3,7,11/4/2014,3,4,4,4,4,8
3,2,11/6/2014,3,4,3,3,4,8
3,4,11/8/2014,3,4,3,4,4,8
3,5,11/9/2014,2,2,2,2,3,5
3,7,11/11/2014,4,4,4,4,4,8
3,2,11/13/2014,4,4,4,4,4,8
3,3,11/14/2014,3,4,3,4,4,8
3,5,11/16/2014,3,4,3,3,3,8
3,6,11/17/2014,3,3,3,3,3,8
3,7,11/18/2014,3,3,3,3,3,8
3,1,11/19/2014,4,4,3,3,4,7.5
3,2,11/20/2014,3,4,2,3,3,8.5
3,4,11/22/2014,3,3,3,3,3,8
3,5,11/23/2014,3,3,3,3,3,8
3,6,11/24/2014,2,3,2,2,3,6
3,7,11/25/2014,3,3,3,4,4,7
3,1,11/26/2014,3,4,3,3,4,9
3,2,11/27/2014,2,4,2,3,4,8
3,3,11/28/2014,3,4,3,3,3,7
3,4,11/29/2014,3,4,3,3,4,7.5
3,5,11/30/2014,4,4,4,4,4,8
3,7,12/2/2014,2,4,3,4,4,6
3,1,12/3/2014,3,4,3,4,4,9
3,3,12/5/2014,2,2,3,2,3,6
3,4,12/6/2014,4,4,2,4,4,9.5
3,5,12/7/2014,3,4,3,3,4,8
3,7,12/9/2014,3,3,3,3,3,8
3,2,12/11/2014,3,4,2,3,4,9
3,3,12/12/2014,3,4,3,3,4,8
3,5,12/14/2014,3,4,3,3,4,8
3,6,12/15/2014,2,3,2,3,3,7
3,1,12/17/2014,3,3,3,3,4,7.5
3,3,12/19/2014,2,4,3,2,3,6
3,4,12/20/2014,3,4,4,3,4,9
3,5,12/21/2014,3,4,3,3,4,8.5
3,6,12/22/2014,3,4,3,4,4,9
3,7,12/23/2014,3,4,3,2,3,8.5
3,1,12/24/2014,3,4,3,2,4,7.5
3,4,12/27/2014,3,4,3,3,4,8.5
3,7,12/30/2014,2,3,3,3,3,6
2,3,9/26/2014,3,4,3,4,4,7
2,5,9/28/2014,3,4,2,3,4,7
2,6,9/29/2014,4,5,3,3,5,9
2,7,9/30/2014,4,5,4,3,4,9
2,1,10/1/2014,4,5,3,3,4,8
2,2,10/2/2014,3,3,4,3,4,8
2,3,10/3/2014,3,5,2,3,5,8
2,4,10/4/2014,4,5,4,3,4,9
2,5,10/5/2014,4,4,4,2,3,8
2,6,10/6/2014,4,5,4,2,4,8
2,7,10/7/2014,5,4,4,2,4,9
2,1,10/8/2014,3,4,3,3,4,7
2,2,10/9/2014,3,4,4,2,4,9
2,3,10/10/2014,4,3,2,3,4,8
2,5,10/12/2014,3,5,3,2,4,9
2,6,10/13/2014,5,5,4,3,4,8
2,7,10/14/2014,4,5,4,3,4,9
2,1,10/15/2014,5,4,4,4,4,7
2,2,10/16/2014,4,4,4,4,4,7
2,3,10/17/2014,4,5,2,4,4,9
2,4,10/18/2014,3,4,4,4,4,9
2,5,10/19/2014,4,4,5,4,4,10
2,6,10/20/2014,4,4,2,4,4,9
2,7,10/21/2014,3,3,3,4,4,8
2,1,10/22/2014,3,4,3,4,4,8
2,2,10/23/2014,5,4,4,4,4,9
2,3,10/24/2014,3,4,3,4,4,7
2,4,10/25/2014,4,5,4,4,4,9
2,5,10/26/2014,4,4,4,4,4,8
2,6,10/27/2014,4,4,4,4,5,8
2,7,10/28/2014,4,5,4,4,4,8
2,1,10/29/2014,4,4,4,4,4,8
2,2,10/30/2014,4,4,4,4,4,7
2,3,10/31/2014,3,4,4,4,4,7
2,4,11/1/2014,4,4,4,4,4,7
2,5,11/2/2014,4,4,4,4,3,6
2,6,11/3/2014,3,4,2,4,4,7
2,7,11/4/2014,4,4,3,4,4,8
2,1,11/5/2014,3,4,4,3,3,9
2,2,11/6/2014,4,4,4,5,5,7
2,3,11/7/2014,5,4,4,4,4,6
2,4,11/8/2014,3,4,4,4,5,6
2,5,11/9/2014,4,4,3,4,4,8
2,6,11/10/2014,4,4,3,4,4,8
2,7,11/11/2014,3,4,4,3,4,9
2,2,11/13/2014,4,5,4,4,4,8.5
2,3,11/14/2014,3,3,4,4,4,6
2,4,11/15/2014,4,5,4,4,4,8.5
2,5,11/16/2014,4,4,3,4,4,8
2,6,11/17/2014,2,4,3,4,3,7
2,7,11/18/2014,3,4,3,4,4,8
2,2,11/20/2014,3,4,4,4,4,9
2,3,11/21/2014,3,3,4,4,4,6
2,4,11/22/2014,4,5,4,4,4,8
2,5,11/23/2014,4,3,5,4,4,7
2,6,11/24/2014,5,4,5,4,4,8.5
2,7,11/25/2014,4,4,4,4,4,8
2,1,11/26/2014,4,4,5,4,4,8
2,2,11/27/2014,4,4,4,3,3,9
2,3,11/28/2014,4,4,3,3,3,7
2,4,11/29/2014,4,4,2,4,4,8
2,5,11/30/2014,3,4,3,4,4,7.5
2,6,12/1/2014,5,5,4,4,4,10
2,7,12/2/2014,3,4,4,4,4,7
2,1,12/3/2014,3,4,4,4,4,8.5
2,2,12/4/2014,4,3,4,4,4,7
2,3,12/5/2014,4,3,4,4,4,6.5
2,4,12/6/2014,4,4,4,4,3,8
2,5,12/7/2014,4,4,5,4,4,7.5
2,6,12/8/2014,5,4,5,5,5,7
2,7,12/9/2014,4,4,4,4,4,7
2,1,12/10/2014,4,4,4,4,3,7.5
2,3,12/12/2014,3,4,4,4,3,9
2,4,12/13/2014,4,3,4,4,4,6
2,5,12/14/2014,5,3,4,4,3,6.5
2,6,12/15/2014,3,4,4,4,4,8.5
2,7,12/16/2014,3,4,4,4,2,7.5
2,1,12/17/2014,4,4,4,3,3,6
2,3,12/19/2014,3,3,4,4,3,6
2,4,12/20/2014,3,2,3,3,3,6
2,6,12/22/2014,4,4,4,3,3,6.5
2,7,12/23/2014,3,3,4,4,3,8.5
2,1,12/24/2014,3,4,4,3,3,6.5
2,3,12/26/2014,3,4,4,3,4,7.5
2,4,12/27/2014,3,2,4,3,3,7
2,5,12/28/2014,3,4,3,4,5,6.5
2,7,12/30/2014,4,4,3,5,5,11
1,3,9/26/2014,4,4,4,3,3,8
1,4,9/27/2014,4,4,4,4,4,8
1,5,9/28/2014,4,4,4,5,4,8
1,6,9/29/2014,4,4,4,4,4,9
1,7,9/30/2014,3,5,3,4,4,8
1,1,10/1/2014,3,3,4,4,4,8
1,2,10/2/2014,4,4,3,4,4,9
1,4,10/4/2014,4,5,4,4,4,10
1,6,10/6/2014,4,4,4,4,3,9
1,7,10/7/2014,4,4,4,4,4,8
1,1,10/8/2014,4,4,4,4,4,8
1,2,10/9/2014,4,5,5,5,4,9
1,3,10/10/2014,5,4,4,4,4,9
1,4,10/11/2014,4,5,4,4,4,9
1,5,10/12/2014,4,5,4,4,4,9
1,6,10/13/2014,5,5,5,4,4,9
1,7,10/14/2014,4,5,4,4,4,8
1,1,10/15/2014,4,3,4,4,4,6
1,2,10/16/2014,5,4,4,4,5,8
1,3,10/17/2014,4,3,3,3,3,4
1,4,10/18/2014,4,3,4,4,4,6
1,5,10/19/2014,5,4,4,4,4,8
1,6,10/20/2014,3,3,3,4,5,8
1,7,10/21/2014,4,4,3,4,4,8
1,1,10/22/2014,4,4,4,4,4,9
1,2,10/23/2014,3,4,4,4,5,7
1,3,10/24/2014,4,3,4,5,4,6
1,4,10/25/2014,4,5,4,4,5,7
1,5,10/26/2014,5,4,4,4,5,8
1,6,10/27/2014,5,4,4,4,5,8
1,7,10/28/2014,4,4,4,4,4,9
1,1,10/29/2014,4,3,4,4,5,8
1,2,10/30/2014,4,2,4,4,4,6
1,3,10/31/2014,5,5,5,4,4,9
1,4,11/1/2014,5,5,4,4,4,8
1,5,11/2/2014,5,4,4,4,4,9
1,6,11/3/2014,4,3,3,4,5,6
1,7,11/4/2014,4,5,4,4,4,10
1,1,11/5/2014,5,5,4,4,5,8
1,2,11/6/2014,3,3,3,4,4,4
1,3,11/7/2014,4,4,4,5,5,8
1,4,11/8/2014,5,5,5,4,5,8
1,5,11/9/2014,5,4,4,5,4,8
1,6,11/10/2014,4,5,4,4,4,8
1,7,11/11/2014,4,4,4,4,4,8
1,1,11/12/2014,5,4,4,4,4,8
1,2,11/13/2014,3,4,4,4,3,7
1,3,11/14/2014,4,4,4,3,3,8
1,4,11/15/2014,4,5,4,4,4,9
1,5,11/16/2014,4,5,4,4,4,8
1,7,11/18/2014,4,4,4,4,5,8
1,1,11/19/2014,4,4,5,4,4,8
1,2,11/20/2014,4,3,3,4,4,6
1,3,11/21/2014,3,3,4,4,4,7
1,4,11/22/2014,4,4,4,5,4,7
1,5,11/23/2014,5,5,5,5,5,8
1,6,11/24/2014,3,4,3,3,4,8
1,7,11/25/2014,4,3,4,3,4,7
1,1,11/26/2014,4,5,5,4,4,10
1,2,11/27/2014,4,4,3,3,4,8
1,3,11/28/2014,4,4,5,5,4,8
1,4,11/29/2014,5,4,5,4,5,7
1,5,11/30/2014,5,5,5,5,5,9
1,6,12/1/2014,5,4,5,4,5,8
1,7,12/2/2014,4,3,4,5,4,7
1,1,12/3/2014,4,5,4,5,4,9
1,2,12/4/2014,4,4,4,5,4,8
1,3,12/5/2014,5,5,4,4,5,9
1,4,12/6/2014,4,4,4,4,4,8
1,5,12/7/2014,4,5,4,4,4,8
1,6,12/8/2014,5,5,5,5,5,8
1,7,12/9/2014,3,4,3,5,4,8
1,1,12/10/2014,4,5,4,4,4,9
1,2,12/11/2014,3,4,3,4,5,9
1,3,12/12/2014,3,4,3,4,5,8
1,4,12/13/2014,4,4,4,4,5,7
1,5,12/14/2014,4,5,4,4,5,11
1,6,12/15/2014,5,5,4,3,4,10
1,7,12/16/2014,4,5,5,4,4,8
1,1,12/17/2014,5,5,4,4,4,9
1,2,12/18/2014,3,4,3,3,3,8
1,3,12/19/2014,4,3,4,3,3,8
1,4,12/20/2014,5,3,4,4,3,8
1,5,12/21/2014,4,4,4,5,4,9
1,6,12/22/2014,4,3,4,4,4,8
1,7,12/23/2014,4,5,4,4,4,8
1,1,12/24/2014,5,5,5,5,5,8
1,2,12/25/2014,3,5,3,4,5,9
1,3,12/26/2014,3,5,3,3,5,9
1,4,12/27/2014,4,4,3,4,4,7
1,5,12/28/2014,4,4,4,4,4,8
1,6,12/29/2014,4,3,4,3,3,6
1,7,12/30/2014,4,3,4,4,4,7
1,1,12/31/2014,5,5,5,5,5,8